"","Venue","Team","Date","Opponent","GF","GA","Captain","Formation","xG","Poss"
"1","Away","Manchester City","2020-09-21","Wolves","3","1","Fernandinho","4-2-3-1",1.9,65
"2","Home","Manchester City","2020-09-27","Leicester City","2","5","Fernandinho","4-2-3-1",0.9,72
"3","Away","Manchester City","2020-10-03","Leeds United","1","1","Kevin De Bruyne","4-3-3",1.2,49
"4","Home","Manchester City","2020-10-17","Arsenal","1","0","Raheem Sterling","3-1-4-2",1.3,58
"5","Away","Manchester City","2020-10-24","West Ham","1","1","Raheem Sterling","4-3-3",1,69
"6","Away","Manchester City","2020-10-31","Sheffield Utd","1","0","Kevin De Bruyne","4-3-3",1.6,65
"7","Home","Manchester City","2020-11-08","Liverpool","1","1","Kevin De Bruyne","4-2-3-1",1.4,54
"8","Away","Manchester City","2020-11-21","Tottenham","0","2","Kevin De Bruyne","4-3-3",1.4,66
"9","Home","Manchester City","2020-11-28","Burnley","5","0","Kevin De Bruyne","4-2-3-1",1.7,68
"10","Home","Manchester City","2020-12-05","Fulham","2","0","Kevin De Bruyne","4-2-3-1",2.9,69
"11","Home","Manchester United","2020-09-19","Crystal Palace","1","3","Harry Maguire","4-2-3-1",1.2,75
"12","Away","Manchester United","2020-09-26","Brighton","3","2","Harry Maguire","4-2-3-1",1.5,47
"13","Home","Manchester United","2020-10-04","Tottenham","1","6","Harry Maguire","4-2-3-1",0.9,39
"14","Away","Manchester United","2020-10-17","Newcastle Utd","4","1","Harry Maguire","4-2-3-1",2.3,63
"15","Home","Manchester United","2020-10-24","Chelsea","0","0","Harry Maguire","4-2-3-1",0.6,51
"16","Home","Manchester United","2020-11-01","Arsenal","0","1","Harry Maguire","4-1-2-1-2◆",0.4,54
"17","Away","Manchester United","2020-11-07","Everton","3","1","Harry Maguire","4-2-3-1",1.5,45
"18","Home","Manchester United","2020-11-21","West Brom","1","0","Harry Maguire","4-2-3-1",2.4,63
"19","Away","Manchester United","2020-11-29","Southampton","3","2","Harry Maguire","4-3-1-2",2.1,50
"20","Away","Manchester United","2020-12-05","West Ham","3","1","Harry Maguire","4-2-3-1",1.7,60
"21","Home","Liverpool","2020-09-12","Leeds United","4","3","Jordan Henderson","4-3-3",2.7,49
"22","Away","Liverpool","2020-09-20","Chelsea","2","0","Jordan Henderson","4-3-3",2.1,61
"23","Home","Liverpool","2020-09-28","Arsenal","3","1","Virgil van Dijk","4-3-3",2.7,66
"24","Away","Liverpool","2020-10-04","Aston Villa","2","7","Virgil van Dijk","4-3-3",1.8,69
"25","Away","Liverpool","2020-10-17","Everton","2","2","Jordan Henderson","4-3-3",2.6,58
"26","Home","Liverpool","2020-10-24","Sheffield Utd","2","1","Jordan Henderson","4-2-3-1",2.3,62
"27","Home","Liverpool","2020-10-31","West Ham","2","1","Jordan Henderson","4-3-3",1.7,72
"28","Away","Liverpool","2020-11-08","Manchester City","1","1","Jordan Henderson","4-2-3-1",1.2,46
"29","Home","Liverpool","2020-11-22","Leicester City","3","0","James Milner","4-3-3",3.1,56
"30","Away","Liverpool","2020-11-28","Brighton","1","1","James Milner","4-3-3",0.2,60
"31","Away","Chelsea","2020-09-14","Brighton","3","1","Jorginho","4-2-2-2",1.2,48
"32","Home","Chelsea","2020-09-20","Liverpool","0","2","Jorginho","4-3-3",0.9,39
"33","Away","Chelsea","2020-09-26","West Brom","3","3","Thiago Silva","4-2-3-1",2,75
"34","Home","Chelsea","2020-10-03","Crystal Palace","4","0","César Azpilicueta","4-2-3-1",2.7,70
"35","Home","Chelsea","2020-10-17","Southampton","3","3","César Azpilicueta","4-2-3-1",1.8,53
"36","Away","Chelsea","2020-10-24","Manchester Utd","0","0","César Azpilicueta","3-4-3",0.2,49
"37","Away","Chelsea","2020-10-31","Burnley","3","0","Thiago Silva","4-3-3",0.9,63
"38","Home","Chelsea","2020-11-07","Sheffield Utd","4","1","Thiago Silva","4-3-3",2.2,69
"39","Away","Chelsea","2020-11-21","Newcastle Utd","2","0","N'Golo Kanté","4-3-3",1.5,70
"40","Home","Chelsea","2020-11-29","Tottenham","0","0","Thiago Silva","4-3-3",0.8,60
"41","Away","Leicester City","2020-09-13","West Brom","3","0","Kasper Schmeichel","4-1-4-1",2.8,64
"42","Home","Leicester City","2020-09-20","Burnley","4","2","Kasper Schmeichel","4-1-4-1",1.2,67
"43","Away","Leicester City","2020-09-27","Manchester City","5","2","Kasper Schmeichel","5-4-1",2.9,28
"44","Home","Leicester City","2020-10-04","West Ham","0","3","Kasper Schmeichel","3-4-3",0.6,69
"45","Home","Leicester City","2020-10-18","Aston Villa","0","1","Kasper Schmeichel","4-1-4-1",0.6,50
"46","Away","Leicester City","2020-10-25","Arsenal","1","0","Kasper Schmeichel","3-4-3",0.7,44
"47","Away","Leicester City","2020-11-02","Leeds United","4","1","Kasper Schmeichel","3-4-3",2.9,33
"48","Home","Leicester City","2020-11-08","Wolves","1","0","Kasper Schmeichel","3-4-3",2,49
"49","Away","Leicester City","2020-11-22","Liverpool","0","3","Kasper Schmeichel","3-4-3",1.6,44
"50","Home","Leicester City","2020-11-30","Fulham","1","2","Kasper Schmeichel","3-4-3",1.2,68
"51","Home","West Ham United","2020-09-12","Newcastle Utd","0","2","Mark Noble","4-2-3-1",1,58
"52","Away","West Ham United","2020-09-19","Arsenal","1","2","Declan Rice","5-4-1",2,38
"53","Home","West Ham United","2020-09-27","Wolves","4","0","Declan Rice","5-4-1",2.4,37
"54","Away","West Ham United","2020-10-04","Leicester City","3","0","Declan Rice","5-4-1",2,31
"55","Away","West Ham United","2020-10-18","Tottenham","3","3","Declan Rice","5-4-1",1.9,50
"56","Home","West Ham United","2020-10-24","Manchester City","1","1","Declan Rice","5-4-1",0.3,31
"57","Away","West Ham United","2020-10-31","Liverpool","1","2","Declan Rice","5-4-1",0.3,28
"58","Home","West Ham United","2020-11-07","Fulham","1","0","Declan Rice","3-4-3",1.3,53
"59","Away","West Ham United","2020-11-22","Sheffield Utd","1","0","Declan Rice","3-4-3",2.1,49
"60","Home","West Ham United","2020-11-30","Aston Villa","2","1","Declan Rice","3-4-3",0.4,34
"61","Home","Tottenham Hotspur","2020-09-13","Everton","0","1","Hugo Lloris","4-2-3-1",1.1,52
"62","Away","Tottenham Hotspur","2020-09-20","Southampton","5","2","Hugo Lloris","4-3-3",2.1,49
"63","Home","Tottenham Hotspur","2020-09-27","Newcastle Utd","1","1","Hugo Lloris","4-2-3-1",2.9,66
"64","Away","Tottenham Hotspur","2020-10-04","Manchester Utd","6","1","Hugo Lloris","4-3-3",3.4,61
"65","Home","Tottenham Hotspur","2020-10-18","West Ham","3","3","Hugo Lloris","4-2-3-1",1.7,50
"66","Away","Tottenham Hotspur","2020-10-26","Burnley","1","0","Hugo Lloris","4-2-3-1",0.6,61
"67","Home","Tottenham Hotspur","2020-11-01","Brighton","2","1","Hugo Lloris","4-2-3-1",1.7,44
"68","Away","Tottenham Hotspur","2020-11-08","West Brom","1","0","Harry Kane","4-2-3-1",1.9,58
"69","Home","Tottenham Hotspur","2020-11-21","Manchester City","2","0","Hugo Lloris","4-2-3-1",0.7,34
"70","Away","Tottenham Hotspur","2020-11-29","Chelsea","0","0","Hugo Lloris","4-2-3-1",0.2,40
"71","Away","Arsenal","2020-09-12","Fulham","3","0","Pierre-Emerick Aubameyang","3-4-3",1.9,54
"72","Home","Arsenal","2020-09-19","West Ham","2","1","Pierre-Emerick Aubameyang","3-4-3",1.1,62
"73","Away","Arsenal","2020-09-28","Liverpool","1","3","Pierre-Emerick Aubameyang","3-4-3",1.3,34
"74","Home","Arsenal","2020-10-04","Sheffield Utd","2","1","Pierre-Emerick Aubameyang","4-3-3",0.6,64
"75","Away","Arsenal","2020-10-17","Manchester City","0","1","Pierre-Emerick Aubameyang","4-3-3",0.9,42
"76","Home","Arsenal","2020-10-25","Leicester City","0","1","Pierre-Emerick Aubameyang","3-4-3",0.7,56
"77","Away","Arsenal","2020-11-01","Manchester Utd","1","0","Pierre-Emerick Aubameyang","3-4-3",1,46
"78","Home","Arsenal","2020-11-08","Aston Villa","0","3","Pierre-Emerick Aubameyang","3-4-3",1.5,59
"79","Away","Arsenal","2020-11-22","Leeds United","0","0","Pierre-Emerick Aubameyang","4-2-3-1",0.9,34
"80","Home","Arsenal","2020-11-29","Wolves","1","2","Pierre-Emerick Aubameyang","4-2-3-1",1.5,56
"81","Away","Leeds United","2020-09-12","Liverpool","3","4","Luke Ayling","4-1-4-1",0.3,51
"82","Home","Leeds United","2020-09-19","Fulham","4","3","Liam Cooper","4-1-4-1",1.4,51
"83","Away","Leeds United","2020-09-27","Sheffield Utd","1","0","Liam Cooper","3-1-4-2",1.2,64
"84","Home","Leeds United","2020-10-03","Manchester City","1","1","Liam Cooper","4-1-4-1",2.4,51
"85","Home","Leeds United","2020-10-19","Wolves","0","1","Luke Ayling","4-1-4-1",1,66
"86","Away","Leeds United","2020-10-23","Aston Villa","3","0","Luke Ayling","4-4-1-1",2.7,59
"87","Home","Leeds United","2020-11-02","Leicester City","1","4","Liam Cooper","4-1-4-1",2.1,67
"88","Away","Leeds United","2020-11-07","Crystal Palace","1","4","Liam Cooper","3-3-3-1",0.8,64
"89","Home","Leeds United","2020-11-22","Arsenal","0","0","Liam Cooper","4-1-4-1",1.8,66
"90","Away","Leeds United","2020-11-28","Everton","1","0","Liam Cooper","4-4-1-1",2.9,59
"91","Away","Everton","2020-09-13","Tottenham","1","0","Séamus Coleman","4-3-3",1.2,48
"92","Home","Everton","2020-09-19","West Brom","5","2","Séamus Coleman","4-3-3",3.9,71
"93","Away","Everton","2020-09-26","Crystal Palace","2","1","Séamus Coleman","4-3-3",1.9,58
"94","Home","Everton","2020-10-03","Brighton","4","2","Séamus Coleman","4-3-3",1.6,43
"95","Home","Everton","2020-10-17","Liverpool","2","2","Séamus Coleman","4-3-3",1.2,42
"96","Away","Everton","2020-10-25","Southampton","0","2","Gylfi Sigurðsson","4-3-3",0.4,46
"97","Away","Everton","2020-11-01","Newcastle Utd","1","2","Gylfi Sigurðsson","4-3-2-1",1.5,61
"98","Home","Everton","2020-11-07","Manchester Utd","1","3","Séamus Coleman","4-3-3",0.4,55
"99","Away","Everton","2020-11-22","Fulham","3","2","Lucas Digne","3-4-3",2,46
"100","Home","Everton","2020-11-28","Leeds United","0","1","Mason Holgate","3-4-3",1.2,41
"101","Home","Aston Villa","2020-09-21","Sheffield Utd","1","0","Jack Grealish","4-3-3",1,71
"102","Away","Aston Villa","2020-09-28","Fulham","3","0","Jack Grealish","4-3-3",1.4,36
"103","Home","Aston Villa","2020-10-04","Liverpool","7","2","Jack Grealish","4-2-3-1",2.7,31
"104","Away","Aston Villa","2020-10-18","Leicester City","1","0","Jack Grealish","4-2-3-1",0.7,50
"105","Home","Aston Villa","2020-10-23","Leeds United","0","3","Jack Grealish","4-2-3-1",1.4,41
"106","Home","Aston Villa","2020-11-01","Southampton","3","4","Jack Grealish","4-2-3-1",1.9,56
"107","Away","Aston Villa","2020-11-08","Arsenal","3","0","Jack Grealish","4-2-3-1",1.8,41
"108","Home","Aston Villa","2020-11-21","Brighton","1","2","Jack Grealish","4-2-3-1",1.5,56
"109","Away","Aston Villa","2020-11-30","West Ham","1","2","Jack Grealish","4-3-3",2.5,66
"110","Away","Aston Villa","2020-12-12","Wolves","1","0","Jack Grealish","4-3-3",1.4,50
"111","Away","Newcastle United","2020-09-12","West Ham","2","0","Jamaal Lascelles","4-4-2",1.6,42
"112","Home","Newcastle United","2020-09-20","Brighton","0","3","Jamaal Lascelles","4-4-2",0.5,47
"113","Away","Newcastle United","2020-09-27","Tottenham","1","1","Jamaal Lascelles","5-4-1",1,34
"114","Home","Newcastle United","2020-10-03","Burnley","3","1","Jonjo Shelvey","4-4-2",1.8,48
"115","Home","Newcastle United","2020-10-17","Manchester Utd","1","4","Jamaal Lascelles","4-1-4-1",0.9,37
"116","Away","Newcastle United","2020-10-25","Wolves","1","1","Jamaal Lascelles","5-3-2",0.3,37
"117","Home","Newcastle United","2020-11-01","Everton","2","1","Jamaal Lascelles","5-3-2",2.9,39
"118","Away","Newcastle United","2020-11-06","Southampton","0","2","Jamaal Lascelles","5-3-2",0.3,39
"119","Home","Newcastle United","2020-11-21","Chelsea","0","2","Jamaal Lascelles","5-4-1",0.3,30
"120","Away","Newcastle United","2020-11-27","Crystal Palace","2","0","Jonjo Shelvey","4-4-2",1.3,43
"121","Away","Wolverhampton Wanderers","2020-09-14","Sheffield Utd","2","0","Conor Coady","3-4-3",1.4,45
"122","Home","Wolverhampton Wanderers","2020-09-21","Manchester City","1","3","Conor Coady","5-3-2",0.6,35
"123","Away","Wolverhampton Wanderers","2020-09-27","West Ham","0","4","Conor Coady","3-4-3",0.5,63
"124","Home","Wolverhampton Wanderers","2020-10-04","Fulham","1","0","Conor Coady","3-5-2",1.2,48
"125","Away","Wolverhampton Wanderers","2020-10-19","Leeds United","1","0","Conor Coady","3-5-2",0.4,34
"126","Home","Wolverhampton Wanderers","2020-10-25","Newcastle Utd","1","1","Conor Coady","3-4-3",0.7,63
"127","Home","Wolverhampton Wanderers","2020-10-30","Crystal Palace","2","0","Conor Coady","3-4-3",1.3,45
"128","Away","Wolverhampton Wanderers","2020-11-08","Leicester City","0","1","Conor Coady","3-4-3",0.8,51
"129","Home","Wolverhampton Wanderers","2020-11-23","Southampton","1","1","Rúben Neves","4-3-3",1.5,46
"130","Away","Wolverhampton Wanderers","2020-11-29","Arsenal","2","1","Conor Coady","4-2-3-1",1.8,44
"131","Home","Crystal Palace","2020-09-12","Southampton","1","0","Scott Dann","4-4-2",1.1,31
"132","Away","Crystal Palace","2020-09-19","Manchester Utd","3","1","Wilfried Zaha","4-4-2",1.6,25
"133","Home","Crystal Palace","2020-09-26","Everton","1","2","Wilfried Zaha","4-4-2",0.4,42
"134","Away","Crystal Palace","2020-10-03","Chelsea","0","4","Wilfried Zaha","4-4-2",0.2,30
"135","Home","Crystal Palace","2020-10-18","Brighton","1","1","Gary Cahill","4-4-2",0.8,34
"136","Away","Crystal Palace","2020-10-24","Fulham","2","1","Luka Milivojević","4-4-2",2.5,36
"137","Away","Crystal Palace","2020-10-30","Wolves","0","2","Luka Milivojević","4-3-3",0.7,55
"138","Home","Crystal Palace","2020-11-07","Leeds United","4","1","Scott Dann","4-4-2",0.9,36
"139","Away","Crystal Palace","2020-11-23","Burnley","0","1","Scott Dann","4-4-2",1.5,54
"140","Home","Crystal Palace","2020-11-27","Newcastle Utd","0","2","Scott Dann","4-4-2",0.6,57
"141","Away","Southampton","2020-09-12","Crystal Palace","0","1","James Ward-Prowse","4-4-2",0.9,69
"142","Home","Southampton","2020-09-20","Tottenham","2","5","James Ward-Prowse","4-4-2",2,51
"143","Away","Southampton","2020-09-26","Burnley","1","0","James Ward-Prowse","4-4-2",0.6,47
"144","Home","Southampton","2020-10-04","West Brom","2","0","James Ward-Prowse","4-4-2",1.2,62
"145","Away","Southampton","2020-10-17","Chelsea","3","3","James Ward-Prowse","4-4-2",1.9,47
"146","Home","Southampton","2020-10-25","Everton","2","0","James Ward-Prowse","4-4-2",0.7,54
"147","Away","Southampton","2020-11-01","Aston Villa","4","3","James Ward-Prowse","4-4-2",0.7,44
"148","Home","Southampton","2020-11-06","Newcastle Utd","2","0","James Ward-Prowse","4-4-2",0.7,61
"149","Away","Southampton","2020-11-23","Wolves","1","1","James Ward-Prowse","4-4-2",1,54
"150","Home","Southampton","2020-11-29","Manchester Utd","2","3","James Ward-Prowse","4-4-2",0.5,50
"151","Home","Brighton and Hove Albion","2020-09-14","Chelsea","1","3","Lewis Dunk","3-5-2",1.1,52
"152","Away","Brighton and Hove Albion","2020-09-20","Newcastle Utd","3","0","Lewis Dunk","3-4-3",1.8,53
"153","Home","Brighton and Hove Albion","2020-09-26","Manchester Utd","2","3","Lewis Dunk","3-4-3",2.5,53
"154","Away","Brighton and Hove Albion","2020-10-03","Everton","2","4","Lewis Dunk","3-4-3",1.3,57
"155","Away","Brighton and Hove Albion","2020-10-18","Crystal Palace","1","1","Lewis Dunk","3-4-3",1.7,66
"156","Home","Brighton and Hove Albion","2020-10-26","West Brom","1","1","Adam Webster","3-4-3",0.5,50
"157","Away","Brighton and Hove Albion","2020-11-01","Tottenham","1","2","Adam Webster","3-5-1-1",0.3,56
"158","Home","Brighton and Hove Albion","2020-11-06","Burnley","0","0","Adam Webster","5-3-2",1.5,59
"159","Away","Brighton and Hove Albion","2020-11-21","Aston Villa","2","1","Lewis Dunk","3-4-1-2",1.4,44
"160","Home","Brighton and Hove Albion","2020-11-28","Liverpool","1","1","Lewis Dunk","3-4-1-2",2.3,40
"161","Away","Burnley","2020-09-20","Leicester City","2","4","Ashley Westwood","4-4-2",1.4,33
"162","Home","Burnley","2020-09-26","Southampton","0","1","Ashley Westwood","4-4-2",0.5,53
"163","Away","Burnley","2020-10-03","Newcastle Utd","1","3","Ashley Westwood","4-4-2",0.4,52
"164","Away","Burnley","2020-10-19","West Brom","0","0","Ashley Westwood","4-4-2",1.1,43
"165","Home","Burnley","2020-10-26","Tottenham","0","1","Ashley Westwood","4-4-2",1,39
"166","Home","Burnley","2020-10-31","Chelsea","0","3","Ashley Westwood","4-4-2",0.5,37
"167","Away","Burnley","2020-11-06","Brighton","0","0","Ben Mee","4-4-2",0.5,41
"168","Home","Burnley","2020-11-23","Crystal Palace","1","0","Ben Mee","4-4-2",1.5,46
"169","Away","Burnley","2020-11-28","Manchester City","0","5","Ben Mee","4-4-1-1",0.5,32
"170","Home","Burnley","2020-12-05","Everton","1","1","Ben Mee","4-4-2",0.8,42
"171","Home","Fulham","2020-09-12","Arsenal","0","3","Tom Cairney","4-2-3-1",0.1,46
"172","Away","Fulham","2020-09-19","Leeds United","3","4","Aleksandar Mitrović","4-2-3-1",1.7,49
"173","Home","Fulham","2020-09-28","Aston Villa","0","3","Tom Cairney","3-4-3",0.7,64
"174","Away","Fulham","2020-10-04","Wolves","0","1","Tom Cairney","4-2-3-1",0.9,52
"175","Away","Fulham","2020-10-18","Sheffield Utd","1","1","Tom Cairney","3-4-3",1.5,58
"176","Home","Fulham","2020-10-24","Crystal Palace","1","2","Tom Cairney","4-3-2-1",1.1,64
"177","Home","Fulham","2020-11-02","West Brom","2","0","Tom Cairney","4-2-3-1",1.5,47
"178","Away","Fulham","2020-11-07","West Ham","0","1","Tom Cairney","4-2-3-1",1.7,47
"179","Home","Fulham","2020-11-22","Everton","2","3","Tom Cairney","4-2-3-1",1.9,54
"180","Away","Fulham","2020-11-30","Leicester City","2","1","Joachim Andersen","5-4-1",2.2,32
"181","Home","West Bromwich Albion","2020-09-13","Leicester City","0","3","Jake Livermore","5-4-1",0.4,36
"182","Away","West Bromwich Albion","2020-09-19","Everton","2","5","Jake Livermore","5-4-1",0.3,29
"183","Home","West Bromwich Albion","2020-09-26","Chelsea","3","3","Jake Livermore","5-4-1",0.6,25
"184","Away","West Bromwich Albion","2020-10-04","Southampton","0","2","Jake Livermore","4-2-3-1",0.2,38
"185","Home","West Bromwich Albion","2020-10-19","Burnley","0","0","Jake Livermore","4-1-4-1",0.8,57
"186","Away","West Bromwich Albion","2020-10-26","Brighton","1","1","Jake Livermore","4-1-4-1",0.4,50
"187","Away","West Bromwich Albion","2020-11-02","Fulham","0","2","Jake Livermore","4-1-4-1",0.5,53
"188","Home","West Bromwich Albion","2020-11-08","Tottenham","0","1","Jake Livermore","5-3-2",0.8,42
"189","Away","West Bromwich Albion","2020-11-21","Manchester Utd","0","1","Kyle Bartley","5-4-1",0.6,37
"190","Home","West Bromwich Albion","2020-11-28","Sheffield Utd","1","0","Kyle Bartley","3-4-1-2",1.2,49
"191","Home","Sheffield United","2020-09-14","Wolves","0","2","Billy Sharp","3-5-2",1,55
"192","Away","Sheffield United","2020-09-21","Aston Villa","0","1","John Egan","3-5-2",0.9,29
"193","Home","Sheffield United","2020-09-27","Leeds United","0","1","David McGoldrick","3-5-2",1.4,36
"194","Away","Sheffield United","2020-10-04","Arsenal","1","2","John Egan","3-5-2",0.2,36
"195","Home","Sheffield United","2020-10-18","Fulham","1","1","John Egan","3-5-2",1.7,42
"196","Away","Sheffield United","2020-10-24","Liverpool","1","2","John Egan","3-5-2",1.6,38
"197","Home","Sheffield United","2020-10-31","Manchester City","0","1","John Egan","5-3-2",0.5,35
"198","Away","Sheffield United","2020-11-07","Chelsea","1","4","John Egan","3-5-2",0.4,31
"199","Home","Sheffield United","2020-11-22","West Ham","0","1","John Egan","3-5-2",0.9,51
"200","Away","Sheffield United","2020-11-28","West Brom","0","1","John Egan","3-5-2",2.9,51
