"","Season","Squad","Player","Nation","Age","Gls","Ast","G_minus_PK","PK","xG_Expected","Min_Playing_Time","PlayerURL"
"1","2020-2021","Manchester City","Ederson","BRA","26",0,1,0,0,0,3240,"https://fbref.com/en/players/3bb7b8b4/Ederson"
"2","2020-2021","Manchester City","Rúben Dias","POR","23",1,0,1,0,1.9,2843,"https://fbref.com/en/players/31c69ef1/Ruben-Dias"
"3","2020-2021","Manchester City","Rodri","ESP","24",2,2,1,1,2.4,2748,"https://fbref.com/en/players/6434f10d/Rodri"
"4","2020-2021","Manchester City","Raheem Sterling","ENG","25",10,7,10,0,11,2536,"https://fbref.com/en/players/b400bde0/Raheem-Sterling"
"5","2020-2021","Manchester City","João Cancelo","POR","26",2,3,2,0,1.6,2299,"https://fbref.com/en/players/bd6351cd/Joao-Cancelo"
"6","2020-2021","Manchester City","Bernardo Silva","POR","25",2,6,2,0,2.8,2065,"https://fbref.com/en/players/3eb22ec9/Bernardo-Silva"
"7","2020-2021","Manchester City","İlkay Gündoğan","GER","29",13,2,12,1,9,2029,"https://fbref.com/en/players/819b3158/Ilkay-Gundogan"
"8","2020-2021","Manchester City","Kevin De Bruyne","BEL","29",6,12,4,2,9.3,1997,"https://fbref.com/en/players/e46012d4/Kevin-De-Bruyne"
"9","2020-2021","Manchester City","Riyad Mahrez","ALG","29",9,6,9,0,4.7,1949,"https://fbref.com/en/players/892d5bb1/Riyad-Mahrez"
"10","2020-2021","Manchester City","Gabriel Jesus","BRA","23",9,4,9,0,8.7,2063,"https://fbref.com/en/players/b66315ae/Gabriel-Jesus"
"11","2020-2021","Manchester City","Kyle Walker","ENG","30",1,1,1,0,0.3,1946,"https://fbref.com/en/players/86dd77d1/Kyle-Walker"
"12","2020-2021","Manchester City","John Stones","ENG","26",4,0,4,0,1.8,1933,"https://fbref.com/en/players/5eecec3d/John-Stones"
"13","2020-2021","Manchester City","Phil Foden","ENG","20",9,5,9,0,5,1616,"https://fbref.com/en/players/ed1e53f3/Phil-Foden"
"14","2020-2021","Manchester City","Oleksandr Zinchenko","UKR","23",0,0,0,0,0.7,1478,"https://fbref.com/en/players/51cf8561/Oleksandr-Zinchenko"
"15","2020-2021","Manchester City","Ferrán Torres","ESP","20",7,2,7,0,4.9,1306,"https://fbref.com/en/players/9e1035f8/Ferran-Torres"
"16","2020-2021","Manchester City","Aymeric Laporte","ESP","26",0,0,0,0,0.8,1344,"https://fbref.com/en/players/119b9a8e/Aymeric-Laporte"
"17","2020-2021","Manchester City","Fernandinho","BRA","35",0,2,0,0,0.7,1188,"https://fbref.com/en/players/101da2b5/Fernandinho"
"18","2020-2021","Manchester City","Benjamin Mendy","FRA","26",2,1,2,0,0.3,953,"https://fbref.com/en/players/5271c8f1/Benjamin-Mendy"
"19","2020-2021","Manchester City","Nathan Aké","NED","25",1,0,1,0,0.3,797,"https://fbref.com/en/players/eaeca114/Nathan-Ake"
"20","2020-2021","Manchester City","Sergio Agüero","ARG","32",4,1,3,1,3.5,559,"https://fbref.com/en/players/4d034881/Sergio-Aguero"
"21","2020-2021","Manchester City","Eric García","ESP","19",0,0,0,0,0.1,383,"https://fbref.com/en/players/2bed3eab/Eric-Garcia"
"22","2020-2021","Manchester City","Scott Carson","ENG","34",0,0,0,0,0,90,"https://fbref.com/en/players/3e1550ee/Scott-Carson"
"23","2020-2021","Manchester City","Zack Steffen","USA","25",0,0,0,0,0,90,"https://fbref.com/en/players/42130443/Zack-Steffen"
"24","2020-2021","Manchester City","Liam Delap","ENG","17",0,0,0,0,0,40,"https://fbref.com/en/players/dd897ee7/Liam-Delap"
"25","2020-2021","Manchester City","Adrian Bernabe","ESP","19",NA,NA,NA,NA,NA,NA,"https://fbref.com/en/players/548672b4/Adrian-Bernabe"
"26","2020-2021","Manchester City","Thomas Doyle","ENG","18",NA,NA,NA,NA,NA,NA,"https://fbref.com/en/players/5526deb1/Thomas-Doyle"
"27","2020-2021","Manchester City","Claudio Gomes","FRA","20",NA,NA,NA,NA,NA,NA,"https://fbref.com/en/players/22f6ed2c/Claudio-Gomes"
"28","2020-2021","Manchester City","Taylor Harwood-Bellis","ENG","18",NA,NA,NA,NA,NA,NA,"https://fbref.com/en/players/47327321/Taylor-Harwood-Bellis"
"29","2020-2021","Manchester City","Felix Kalu Nmecha","GER","19",NA,NA,NA,NA,NA,NA,"https://fbref.com/en/players/091c86e2/Felix-Kalu-Nmecha"
"30","2020-2021","Manchester City","Luke Mbete-Tatu","ENG","16",NA,NA,NA,NA,NA,NA,"https://fbref.com/en/players/387e1d35/Luke-Mbete-Tatu"
"31","2020-2021","Manchester City","Nicolás Otamendi","ARG","32",NA,NA,NA,NA,NA,NA,"https://fbref.com/en/players/0d267745/Nicolas-Otamendi"
"32","2020-2021","Manchester City","Cole Palmer","ENG","18",NA,NA,NA,NA,NA,NA,"https://fbref.com/en/players/dc7f8a28/Cole-Palmer"
"33","2020-2021","Manchester City","James Trafford","ENG","17",NA,NA,NA,NA,NA,NA,"https://fbref.com/en/players/259fea27/James-Trafford"
"34","2020-2021","Manchester United","Bruno Fernandes","POR","25",18,12,9,9,16.1,3099,"https://fbref.com/en/players/507c7bdf/Bruno-Fernandes"
"35","2020-2021","Manchester United","Aaron Wan-Bissaka","ENG","22",2,4,2,0,0.9,3060,"https://fbref.com/en/players/9e525177/Aaron-Wan-Bissaka"
"36","2020-2021","Manchester United","Harry Maguire","ENG","27",2,1,2,0,2.3,3047,"https://fbref.com/en/players/d8931174/Harry-Maguire"
"37","2020-2021","Manchester United","Marcus Rashford","ENG","22",11,9,11,0,8.9,2920,"https://fbref.com/en/players/a1d5bd30/Marcus-Rashford"
"38","2020-2021","Manchester United","Luke Shaw","ENG","25",1,5,1,0,0.6,2654,"https://fbref.com/en/players/9c94165b/Luke-Shaw"
"39","2020-2021","Manchester United","Victor Lindelöf","SWE","26",1,1,1,0,0.6,2585,"https://fbref.com/en/players/f5deef4c/Victor-Lindelof"
"40","2020-2021","Manchester United","Fred","BRA","27",1,0,1,0,1.8,2390,"https://fbref.com/en/players/b853e0ad/Fred"
"41","2020-2021","Manchester United","David de Gea","ESP","29",0,0,0,0,0,2295,"https://fbref.com/en/players/7ba6d84e/David-de-Gea"
"42","2020-2021","Manchester United","Scott McTominay","SCO","23",4,1,4,0,2.1,2129,"https://fbref.com/en/players/d93c2511/Scott-McTominay"
"43","2020-2021","Manchester United","Paul Pogba","FRA","27",3,3,3,0,2.8,1897,"https://fbref.com/en/players/867239d3/Paul-Pogba"
"44","2020-2021","Manchester United","Mason Greenwood","ENG","18",7,2,7,0,6,1822,"https://fbref.com/en/players/58eee997/Mason-Greenwood"
"45","2020-2021","Manchester United","Anthony Martial","FRA","24",4,3,4,0,6.5,1480,"https://fbref.com/en/players/8b788c01/Anthony-Martial"
"46","2020-2021","Manchester United","Edinson Cavani","URU","33",10,3,10,0,8,1375,"https://fbref.com/en/players/527f063d/Edinson-Cavani"
"47","2020-2021","Manchester United","Dean Henderson","ENG","23",0,0,0,0,0,1125,"https://fbref.com/en/players/e5a76dfe/Dean-Henderson"
"48","2020-2021","Manchester United","Nemanja Matić","SRB","31",0,0,0,0,0.3,1106,"https://fbref.com/en/players/eb7822d7/Nemanja-Matic"
"49","2020-2021","Manchester United","Daniel James","WAL","22",3,1,3,0,2.2,910,"https://fbref.com/en/players/c931d9f9/Daniel-James"
"50","2020-2021","Manchester United","Eric Bailly","CIV","26",0,0,0,0,0.1,916,"https://fbref.com/en/players/a1232f4e/Eric-Bailly"
"51","2020-2021","Manchester United","Alex Telles","BRA","27",0,2,0,0,0.2,690,"https://fbref.com/en/players/e73c9bb2/Alex-Telles"
"52","2020-2021","Manchester United","Juan Mata","ESP","32",1,2,0,1,1,509,"https://fbref.com/en/players/29733c72/Juan-Mata"
"53","2020-2021","Manchester United","Donny van de Beek","NED","23",1,1,1,0,0.4,524,"https://fbref.com/en/players/50dc94ce/Donny-van-de-Beek"
"54","2020-2021","Manchester United","Axel Tuanzebe","ENG","22",0,0,0,0,0,404,"https://fbref.com/en/players/2baec6ce/Axel-Tuanzebe"
"55","2020-2021","Manchester United","Brandon Williams","ENG","19",0,0,0,0,0.2,188,"https://fbref.com/en/players/5e74d6c8/Brandon-Williams"
"56","2020-2021","Manchester United","Amad Diallo","CIV","18",0,1,0,0,0,166,"https://fbref.com/en/players/9dc96f10/Amad-Diallo"
"57","2020-2021","Manchester United","Anthony Elanga","SWE","18",1,0,1,0,0.4,155,"https://fbref.com/en/players/2fba6108/Anthony-Elanga"
"58","2020-2021","Manchester United","Timothy Fosu-Mensah","NED","22",0,0,0,0,0,80,"https://fbref.com/en/players/a9142dc3/Timothy-Fosu-Mensah"
"59","2020-2021","Manchester United","Shola Shoretire","ENG","16",0,0,0,0,0,11,"https://fbref.com/en/players/00f0482f/Shola-Shoretire"
"60","2020-2021","Manchester United","Odion Ighalo","NGA","31",0,0,0,0,0,10,"https://fbref.com/en/players/03622183/Odion-Ighalo"
"61","2020-2021","Manchester United","Hannibal Mejbri","TUN","17",0,0,0,0,0,9,"https://fbref.com/en/players/ca22ccb0/Hannibal-Mejbri"
"62","2020-2021","Manchester United","William Thomas Fish","ENG","17",0,0,0,0,0,1,"https://fbref.com/en/players/b2ee9d2c/William-Thomas-Fish"
"63","2020-2021","Manchester United","Nathan Bishop","ENG","20",NA,NA,NA,NA,NA,NA,"https://fbref.com/en/players/bf713136/Nathan-Bishop"
"64","2020-2021","Manchester United","Lee Grant","ENG","37",NA,NA,NA,NA,NA,NA,"https://fbref.com/en/players/9dab6e3b/Lee-Grant"
"65","2020-2021","Manchester United","Jesse Lingard","ENG","27",NA,NA,NA,NA,NA,NA,"https://fbref.com/en/players/810e3c74/Jesse-Lingard"
"66","2020-2021","Liverpool","Andrew Robertson","SCO","26",1,7,1,0,1.5,3383,"https://fbref.com/en/players/2e4f5f03/Andrew-Robertson"
"67","2020-2021","Liverpool","Mohamed Salah","EGY","28",22,5,16,6,19.3,3078,"https://fbref.com/en/players/e342ad68/Mohamed-Salah"
"68","2020-2021","Liverpool","Trent Alexander-Arnold","ENG","21",2,7,2,0,2.6,3031,"https://fbref.com/en/players/cd1acf9d/Trent-Alexander-Arnold"
"69","2020-2021","Liverpool","Georginio Wijnaldum","NED","29",2,0,2,0,2.6,2941,"https://fbref.com/en/players/eb58eef0/Georginio-Wijnaldum"
"70","2020-2021","Liverpool","Alisson","BRA","27",1,0,1,0,0.1,2970,"https://fbref.com/en/players/7a2e46a8/Alisson"
"71","2020-2021","Liverpool","Roberto Firmino","BRA","28",9,7,9,0,11.3,2838,"https://fbref.com/en/players/4c370d81/Roberto-Firmino"
"72","2020-2021","Liverpool","Sadio Mané","SEN","28",11,7,11,0,14.1,2810,"https://fbref.com/en/players/c691bfe2/Sadio-Mane"
"73","2020-2021","Liverpool","Fabinho","BRA","26",0,0,0,0,0.3,2567,"https://fbref.com/en/players/7f3b388c/Fabinho"
"74","2020-2021","Liverpool","Thiago Alcántara","ESP","29",1,0,1,0,1.2,1854,"https://fbref.com/en/players/77e84962/Thiago-Alcantara"
"75","2020-2021","Liverpool","Jordan Henderson","ENG","30",1,1,1,0,1.3,1704,"https://fbref.com/en/players/935e6b8f/Jordan-Henderson"
"76","2020-2021","Liverpool","Nathaniel Phillips","ENG","23",1,1,1,0,1,1456,"https://fbref.com/en/players/515ebe8d/Nathaniel-Phillips"
"77","2020-2021","Liverpool","Curtis Jones","ENG","19",1,2,1,0,1.7,1179,"https://fbref.com/en/players/4fb9c88f/Curtis-Jones"
"78","2020-2021","Liverpool","Diogo Jota","POR","23",9,0,9,0,6.4,1112,"https://fbref.com/en/players/178ae8f8/Diogo-Jota"
"79","2020-2021","Liverpool","James Milner","ENG","34",0,1,0,0,0.4,1070,"https://fbref.com/en/players/2f90f6b8/James-Milner"
"80","2020-2021","Liverpool","Ozan Kabak","TUR","20",0,0,0,0,0.1,801,"https://fbref.com/en/players/2d61d13a/Ozan-Kabak"
"81","2020-2021","Liverpool","Joël Matip","CMR","28",1,2,1,0,0.8,691,"https://fbref.com/en/players/b217ef29/Joel-Matip"
"82","2020-2021","Liverpool","Rhys Williams","ENG","19",0,0,0,0,0.5,661,"https://fbref.com/en/players/012c975a/Rhys-Williams"
"83","2020-2021","Liverpool","Naby Keïta","GUI","25",0,0,0,0,0.4,520,"https://fbref.com/en/players/f25c8e3a/Naby-Keita"
"84","2020-2021","Liverpool","Joe Gomez","ENG","23",0,0,0,0,0,590,"https://fbref.com/en/players/7a11550b/Joe-Gomez"
"85","2020-2021","Liverpool","Xherdan Shaqiri","SUI","28",0,2,0,0,0.5,556,"https://fbref.com/en/players/6421ec64/Xherdan-Shaqiri"
"86","2020-2021","Liverpool","Virgil van Dijk","NED","29",1,0,1,0,0.2,370,"https://fbref.com/en/players/e06683ca/Virgil-van-Dijk"
"87","2020-2021","Liverpool","Adrián","ESP","33",0,0,0,0,0,270,"https://fbref.com/en/players/f76e6b4e/Adrian"
"88","2020-2021","Liverpool","Neco Williams","WAL","19",0,0,0,0,0.1,249,"https://fbref.com/en/players/dd323728/Neco-Williams"
"89","2020-2021","Liverpool","Takumi Minamino","JPN","25",1,0,1,0,1.1,293,"https://fbref.com/en/players/f833a830/Takumi-Minamino"
"90","2020-2021","Liverpool","Alex Oxlade-Chamberlain","ENG","26",1,1,1,0,0.3,253,"https://fbref.com/en/players/38c7feef/Alex-Oxlade-Chamberlain"
"91","2020-2021","Liverpool","Divock Origi","BEL","25",0,0,0,0,1.1,186,"https://fbref.com/en/players/43a166b4/Divock-Origi"
"92","2020-2021","Liverpool","Caoimhín Kelleher","IRL","21",0,0,0,0,0,180,"https://fbref.com/en/players/62d7ef38/Caoimhin-Kelleher"
"93","2020-2021","Liverpool","Kostas Tsimikas","GRE","24",0,0,0,0,0,7,"https://fbref.com/en/players/f315ca93/Kostas-Tsimikas"
"94","2020-2021","Liverpool","Jake Cain","ENG","18",NA,NA,NA,NA,NA,NA,"https://fbref.com/en/players/a33ce8e2/Jake-Cain"
"95","2020-2021","Liverpool","Leighton Clarkson","ENG","18",NA,NA,NA,NA,NA,NA,"https://fbref.com/en/players/d5dafedb/Leighton-Clarkson"
"96","2020-2021","Liverpool","Ben Davies","ENG","24",NA,NA,NA,NA,NA,NA,"https://fbref.com/en/players/c9009a1f/Ben-Davies"
"97","2020-2021","Liverpool","Liam Hughes","NIR","18",NA,NA,NA,NA,NA,NA,"https://fbref.com/en/players/54ae11f8/Liam-Hughes"
"98","2020-2021","Liverpool","Billy Koumetio","FRA","17",NA,NA,NA,NA,NA,NA,"https://fbref.com/en/players/866c67e9/Billy-Koumetio"
"99","2020-2021","Liverpool","Jakub Ojrzynski","POL","17",NA,NA,NA,NA,NA,NA,"https://fbref.com/en/players/94e5390a/Jakub-Ojrzynski"
"100","2020-2021","Liverpool","Ben Woodburn","WAL","20",NA,NA,NA,NA,NA,NA,"https://fbref.com/en/players/8aadeaef/Ben-Woodburn"
"101","2020-2021","Chelsea","Mason Mount","ENG","21",6,5,5,1,6.3,2890,"https://fbref.com/en/players/9674002f/Mason-Mount"
"102","2020-2021","Chelsea","Edouard Mendy","SEN","28",0,0,0,0,0,2745,"https://fbref.com/en/players/33887998/Edouard-Mendy"
"103","2020-2021","Chelsea","Timo Werner","GER","24",6,8,6,0,11.4,2602,"https://fbref.com/en/players/49fe9070/Timo-Werner"
"104","2020-2021","Chelsea","Ben Chilwell","ENG","23",3,5,3,0,2.4,2286,"https://fbref.com/en/players/d2424d1b/Ben-Chilwell"
"105","2020-2021","Chelsea","Reece James","ENG","20",1,2,1,0,1.6,2373,"https://fbref.com/en/players/1265a93a/Reece-James"
"106","2020-2021","Chelsea","César Azpilicueta","ESP","30",1,2,1,0,0.7,2188,"https://fbref.com/en/players/53cad200/Cesar-Azpilicueta"
"107","2020-2021","Chelsea","N'Golo Kanté","FRA","29",0,2,0,0,0.6,2146,"https://fbref.com/en/players/b9fbae28/NGolo-Kante"
"108","2020-2021","Chelsea","Jorginho","ITA","28",7,1,0,7,7.3,2010,"https://fbref.com/en/players/45db685d/Jorginho"
"109","2020-2021","Chelsea","Thiago Silva","BRA","35",2,0,2,0,1.7,1935,"https://fbref.com/en/players/86e7deaf/Thiago-Silva"
"110","2020-2021","Chelsea","Kurt Zouma","FRA","25",5,0,5,0,2,2029,"https://fbref.com/en/players/ce4246f5/Kurt-Zouma"
"111","2020-2021","Chelsea","Mateo Kovačić","CRO","26",0,1,0,0,1,1815,"https://fbref.com/en/players/79c0821a/Mateo-Kovacic"
"112","2020-2021","Chelsea","Antonio Rüdiger","GER","27",1,0,1,0,1.3,1710,"https://fbref.com/en/players/18b896d6/Antonio-Rudiger"
"113","2020-2021","Chelsea","Christian Pulisic","USA","21",4,2,4,0,6.1,1738,"https://fbref.com/en/players/1bf33a9a/Christian-Pulisic"
"114","2020-2021","Chelsea","Kai Havertz","GER","21",4,3,4,0,5.5,1520,"https://fbref.com/en/players/fed7cb61/Kai-Havertz"
"115","2020-2021","Chelsea","Andreas Christensen","DEN","24",0,0,0,0,0.1,1371,"https://fbref.com/en/players/1cb49278/Andreas-Christensen"
"116","2020-2021","Chelsea","Hakim Ziyech","MAR","27",2,3,2,0,1.9,1172,"https://fbref.com/en/players/6622454d/Hakim-Ziyech"
"117","2020-2021","Chelsea","Tammy Abraham","ENG","22",6,1,6,0,5.9,1040,"https://fbref.com/en/players/f586779e/Tammy-Abraham"
"118","2020-2021","Chelsea","Marcos Alonso","ESP","29",2,0,2,0,1.8,960,"https://fbref.com/en/players/f4290206/Marcos-Alonso"
"119","2020-2021","Chelsea","Callum Hudson-Odoi","ENG","19",2,3,2,0,1.3,1059,"https://fbref.com/en/players/15f3ec41/Callum-Hudson-Odoi"
"120","2020-2021","Chelsea","Olivier Giroud","FRA","33",4,0,4,0,4.2,748,"https://fbref.com/en/players/16ceb862/Olivier-Giroud"
"121","2020-2021","Chelsea","Kepa Arrizabalaga","ESP","25",0,0,0,0,0,585,"https://fbref.com/en/players/28d596a0/Kepa-Arrizabalaga"
"122","2020-2021","Chelsea","Billy Gilmour","SCO","19",0,0,0,0,0.1,261,"https://fbref.com/en/players/df10e27c/Billy-Gilmour"
"123","2020-2021","Chelsea","Willy Caballero","ARG","38",0,0,0,0,0,90,"https://fbref.com/en/players/a179d516/Willy-Caballero"
"124","2020-2021","Chelsea","Ruben Loftus-Cheek","ENG","24",0,0,0,0,0,60,"https://fbref.com/en/players/e97fd090/Ruben-Loftus-Cheek"
"125","2020-2021","Chelsea","Emerson Palmieri","ITA","25",0,0,0,0,0,90,"https://fbref.com/en/players/e0bc6fdc/Emerson-Palmieri"
"126","2020-2021","Chelsea","Fikayo Tomori","ENG","22",0,0,0,0,0,45,"https://fbref.com/en/players/7edfbb8a/Fikayo-Tomori"
"127","2020-2021","Chelsea","Ross Barkley","ENG","26",0,0,0,0,0,42,"https://fbref.com/en/players/3a24769f/Ross-Barkley"
"128","2020-2021","Chelsea","Faustino Anjorin","ENG","18",NA,NA,NA,NA,NA,NA,"https://fbref.com/en/players/b105919e/Faustino-Anjorin"
"129","2020-2021","Chelsea","Valentino Livramento","ENG","17",NA,NA,NA,NA,NA,NA,"https://fbref.com/en/players/afed6722/Valentino-Livramento"
"130","2020-2021","Chelsea","Karlo Ziger","CRO","19",NA,NA,NA,NA,NA,NA,"https://fbref.com/en/players/53b781b9/Karlo-Ziger"
"131","2020-2021","Leicester City","Kasper Schmeichel","DEN","33",0,0,0,0,0,3420,"https://fbref.com/en/players/53af52f3/Kasper-Schmeichel"
"132","2020-2021","Leicester City","Youri Tielemans","BEL","23",6,4,4,2,4.4,3357,"https://fbref.com/en/players/56f7a928/Youri-Tielemans"
"133","2020-2021","Leicester City","Jamie Vardy","ENG","33",15,9,7,8,19.9,2840,"https://fbref.com/en/players/45963054/Jamie-Vardy"
"134","2020-2021","Leicester City","Jonny Evans","NIR","32",2,2,2,0,1.7,2473,"https://fbref.com/en/players/f8fcd2a5/Jonny-Evans"
"135","2020-2021","Leicester City","Timothy Castagne","BEL","24",2,3,2,0,1.1,2345,"https://fbref.com/en/players/197640fd/Timothy-Castagne"
"136","2020-2021","Leicester City","Wesley Fofana","FRA","19",0,0,0,0,1,2262,"https://fbref.com/en/players/132a82f1/Wesley-Fofana"
"137","2020-2021","Leicester City","Wilfred Ndidi","NGA","23",1,4,1,0,0.7,2176,"https://fbref.com/en/players/6b47c5db/Wilfred-Ndidi"
"138","2020-2021","Leicester City","James Maddison","ENG","23",8,5,8,0,3.8,2099,"https://fbref.com/en/players/ee38d9c5/James-Maddison"
"139","2020-2021","Leicester City","James Justin","ENG","22",2,1,2,0,2.2,2070,"https://fbref.com/en/players/fb614c44/James-Justin"
"140","2020-2021","Leicester City","Harvey Barnes","ENG","22",9,4,9,0,5.9,1945,"https://fbref.com/en/players/3ea50f67/Harvey-Barnes"
"141","2020-2021","Leicester City","Çağlar Söyüncü","TUR","24",1,0,1,0,0.7,1819,"https://fbref.com/en/players/21166ff4/Caglar-Soyuncu"
"142","2020-2021","Leicester City","Marc Albrighton","ENG","30",1,5,1,0,1.2,1746,"https://fbref.com/en/players/b827d5b3/Marc-Albrighton"
"143","2020-2021","Leicester City","Kelechi Iheanacho","NGA","23",12,2,12,0,8.2,1459,"https://fbref.com/en/players/c92e1a31/Kelechi-Iheanacho"
"144","2020-2021","Leicester City","Nampalys Mendy","SEN","28",0,1,0,0,0.1,1459,"https://fbref.com/en/players/1598599e/Nampalys-Mendy"
"145","2020-2021","Leicester City","Ayoze Pérez","ESP","27",2,1,2,0,3.3,1331,"https://fbref.com/en/players/819aa8e7/Ayoze-Perez"
"146","2020-2021","Leicester City","Luke Thomas","ENG","19",1,0,1,0,0.3,969,"https://fbref.com/en/players/fc027d02/Luke-Thomas"
"147","2020-2021","Leicester City","Ricardo Pereira","POR","26",0,1,0,0,0.3,959,"https://fbref.com/en/players/75a72a99/Ricardo-Pereira"
"148","2020-2021","Leicester City","Dennis Praet","BEL","26",1,1,1,0,0.4,718,"https://fbref.com/en/players/86695068/Dennis-Praet"
"149","2020-2021","Leicester City","Daniel Amartey","GHA","25",1,0,1,0,0.4,722,"https://fbref.com/en/players/1a4ef233/Daniel-Amartey"
"150","2020-2021","Leicester City","Christian Fuchs","AUT","34",0,0,0,0,0.1,702,"https://fbref.com/en/players/a67a09fb/Christian-Fuchs"
"151","2020-2021","Leicester City","Hamza Choudhury","ENG","22",0,0,0,0,0.4,316,"https://fbref.com/en/players/7d2d3329/Hamza-Choudhury"
"152","2020-2021","Leicester City","Cengiz Ünder","TUR","23",0,2,0,0,0.3,281,"https://fbref.com/en/players/1880614f/Cengiz-Under"
"153","2020-2021","Leicester City","Sidnei Tavares","POR","18",0,0,0,0,0.1,85,"https://fbref.com/en/players/3add8ed8/Sidnei-Tavares"
"154","2020-2021","Leicester City","Islam Slimani","ALG","32",0,0,0,0,0.1,20,"https://fbref.com/en/players/ffec9769/Islam-Slimani"
"155","2020-2021","Leicester City","Demarai Gray","ENG","24",0,0,0,0,0.1,19,"https://fbref.com/en/players/4468ec10/Demarai-Gray"
"156","2020-2021","Leicester City","Wes Morgan","JAM","36",0,0,0,0,0,18,"https://fbref.com/en/players/80c31c97/Wes-Morgan"
"157","2020-2021","Leicester City","Khanya Leshabela","RSA","20",0,0,0,0,0,10,"https://fbref.com/en/players/383e68b1/Khanya-Leshabela"
"158","2020-2021","Leicester City","Vontae Daley Campbell","ENG","19",NA,NA,NA,NA,NA,NA,"https://fbref.com/en/players/192d4c3d/Vontae-Daley-Campbell"
"159","2020-2021","Leicester City","Shane Flynn","IRL","18",NA,NA,NA,NA,NA,NA,"https://fbref.com/en/players/862cc23f/Shane-Flynn"
"160","2020-2021","Leicester City","Tawanda Maswanhise","ZIM","17",NA,NA,NA,NA,NA,NA,"https://fbref.com/en/players/4f622ca3/Tawanda-Maswanhise"
"161","2020-2021","Leicester City","Thanawat Suengchitthawon","THA","20",NA,NA,NA,NA,NA,NA,"https://fbref.com/en/players/7a6bb9ed/Thanawat-Suengchitthawon"
"162","2020-2021","Leicester City","Danny Ward","WAL","27",NA,NA,NA,NA,NA,NA,"https://fbref.com/en/players/d3ce0e89/Danny-Ward"
"163","2020-2021","West Ham United","Tomáš Souček","CZE","25",10,1,10,0,8.4,3419,"https://fbref.com/en/players/6613c819/Tomas-Soucek"
"164","2020-2021","West Ham United","Aaron Cresswell","ENG","30",0,8,0,0,1,3170,"https://fbref.com/en/players/4f974391/Aaron-Cresswell"
"165","2020-2021","West Ham United","Łukasz Fabiański","POL","35",0,0,0,0,0,3150,"https://fbref.com/en/players/9328b835/Lukasz-Fabianski"
"166","2020-2021","West Ham United","Vladimír Coufal","CZE","27",0,7,0,0,1.3,3054,"https://fbref.com/en/players/fdf3cb77/Vladimir-Coufal"
"167","2020-2021","West Ham United","Declan Rice","ENG","21",2,1,1,1,3.2,2879,"https://fbref.com/en/players/1c7012b8/Declan-Rice"
"168","2020-2021","West Ham United","Pablo Fornals","ESP","24",5,4,5,0,6,2572,"https://fbref.com/en/players/82927de4/Pablo-Fornals"
"169","2020-2021","West Ham United","Jarrod Bowen","ENG","23",8,5,8,0,7.1,2562,"https://fbref.com/en/players/79c84d1c/Jarrod-Bowen"
"170","2020-2021","West Ham United","Angelo Ogbonna","ITA","32",3,0,3,0,1.7,2492,"https://fbref.com/en/players/74b2cd7e/Angelo-Ogbonna"
"171","2020-2021","West Ham United","Michail Antonio","JAM","30",10,5,10,0,12.9,1974,"https://fbref.com/en/players/ac05f970/Michail-Antonio"
"172","2020-2021","West Ham United","Craig Dawson","ENG","30",3,0,3,0,1.9,1925,"https://fbref.com/en/players/3e9e06cb/Craig-Dawson"
"173","2020-2021","West Ham United","Jesse Lingard","ENG","27",9,4,8,1,4.5,1421,"https://fbref.com/en/players/810e3c74/Jesse-Lingard"
"174","2020-2021","West Ham United","Issa Diop","FRA","23",2,0,2,0,0.5,1381,"https://fbref.com/en/players/a712ca2b/Issa-Diop"
"175","2020-2021","West Ham United","Saïd Benrahma","ALG","24",1,6,1,0,2.6,1391,"https://fbref.com/en/players/5a04fd92/Said-Benrahma"
"176","2020-2021","West Ham United","Fabián Balbuena","PAR","28",1,0,1,0,0.7,1198,"https://fbref.com/en/players/3626f7d9/Fabian-Balbuena"
"177","2020-2021","West Ham United","Arthur Masuaku","COD","26",0,2,0,0,0.5,1006,"https://fbref.com/en/players/57df7a11/Arthur-Masuaku"
"178","2020-2021","West Ham United","Sébastien Haller","CIV","26",3,0,3,0,2.9,937,"https://fbref.com/en/players/ba115a40/Sebastien-Haller"
"179","2020-2021","West Ham United","Mark Noble","ENG","33",0,0,0,0,0,712,"https://fbref.com/en/players/ff527768/Mark-Noble"
"180","2020-2021","West Ham United","Ryan Fredericks","ENG","27",1,1,1,0,0.3,569,"https://fbref.com/en/players/c067631c/Ryan-Fredericks"
"181","2020-2021","West Ham United","Manuel Lanzini","ARG","27",1,1,1,0,1,566,"https://fbref.com/en/players/26f6dca8/Manuel-Lanzini"
"182","2020-2021","West Ham United","Ben Johnson","ENG","20",1,0,1,0,0.4,523,"https://fbref.com/en/players/9319781b/Ben-Johnson"
"183","2020-2021","West Ham United","Darren Randolph","IRL","33",0,0,0,0,0,270,"https://fbref.com/en/players/6385ebfb/Darren-Randolph"
"184","2020-2021","West Ham United","Andriy Yarmolenko","UKR","30",0,1,0,0,0.3,375,"https://fbref.com/en/players/849c826a/Andriy-Yarmolenko"
"185","2020-2021","West Ham United","Robert Snodgrass","SCO","32",0,0,0,0,0,5,"https://fbref.com/en/players/9f4647e9/Robert-Snodgrass"
"186","2020-2021","West Ham United","Felipe Anderson","BRA","27",0,0,0,0,0,3,"https://fbref.com/en/players/9f1893b9/Felipe-Anderson"
"187","2020-2021","West Ham United","Jamal Baptiste","ENG","16",NA,NA,NA,NA,NA,NA,"https://fbref.com/en/players/41d3704d/Jamal-Baptiste"
"188","2020-2021","West Ham United","Conor Coventry","IRL","20",NA,NA,NA,NA,NA,NA,"https://fbref.com/en/players/a5ca9127/Conor-Coventry"
"189","2020-2021","West Ham United","Frederik Ibsen","DEN","20",NA,NA,NA,NA,NA,NA,"https://fbref.com/en/players/95827107/Frederik-Ibsen"
"190","2020-2021","West Ham United","David Martin","ENG","34",NA,NA,NA,NA,NA,NA,"https://fbref.com/en/players/07666c20/David-Martin"
"191","2020-2021","West Ham United","Mipo Odubeko","IRL","17",NA,NA,NA,NA,NA,NA,"https://fbref.com/en/players/dcba03f6/Mipo-Odubeko"
"192","2020-2021","West Ham United","Nathan Trott","ENG","21",NA,NA,NA,NA,NA,NA,"https://fbref.com/en/players/7494bea9/Nathan-Trott"
"193","2020-2021","Tottenham Hotspur","Pierre Højbjerg","DEN","24",2,4,2,0,1.1,3420,"https://fbref.com/en/players/8b04d6c1/Pierre-Hojbjerg"
"194","2020-2021","Tottenham Hotspur","Hugo Lloris","FRA","33",0,0,0,0,0,3420,"https://fbref.com/en/players/8f62b6ee/Hugo-Lloris"
"195","2020-2021","Tottenham Hotspur","Son Heung-min","KOR","28",17,10,16,1,9.7,3114,"https://fbref.com/en/players/92e7e919/Son-Heung-min"
"196","2020-2021","Tottenham Hotspur","Harry Kane","ENG","27",23,14,19,4,20.1,3082,"https://fbref.com/en/players/21a66f6a/Harry-Kane"
"197","2020-2021","Tottenham Hotspur","Eric Dier","ENG","26",0,0,0,0,1.2,2520,"https://fbref.com/en/players/ac861941/Eric-Dier"
"198","2020-2021","Tottenham Hotspur","Tanguy Ndombele","FRA","23",3,2,3,0,1.6,2091,"https://fbref.com/en/players/5cdddffa/Tanguy-Ndombele"
"199","2020-2021","Tottenham Hotspur","Sergio Reguilón","ESP","23",0,3,0,0,1,2244,"https://fbref.com/en/players/3353737a/Sergio-Reguilon"
"200","2020-2021","Tottenham Hotspur","Toby Alderweireld","BEL","31",1,0,1,0,0.7,2240,"https://fbref.com/en/players/f7d50789/Toby-Alderweireld"
"201","2020-2021","Tottenham Hotspur","Serge Aurier","CIV","27",2,3,2,0,1.1,1605,"https://fbref.com/en/players/5c2b4f07/Serge-Aurier"
"202","2020-2021","Tottenham Hotspur","Davinson Sánchez","COL","24",0,0,0,0,0.8,1486,"https://fbref.com/en/players/da7b447d/Davinson-Sanchez"
"203","2020-2021","Tottenham Hotspur","Moussa Sissoko","FRA","30",0,0,0,0,0.2,1585,"https://fbref.com/en/players/2acd49b9/Moussa-Sissoko"
"204","2020-2021","Tottenham Hotspur","Lucas Moura","BRA","27",3,4,3,0,1.9,1411,"https://fbref.com/en/players/2b622f01/Lucas-Moura"
"205","2020-2021","Tottenham Hotspur","Ben Davies","WAL","27",0,1,0,0,0.2,1346,"https://fbref.com/en/players/44781702/Ben-Davies"
"206","2020-2021","Tottenham Hotspur","Matt Doherty","IRL","28",0,2,0,0,0.4,1240,"https://fbref.com/en/players/d557d734/Matt-Doherty"
"207","2020-2021","Tottenham Hotspur","Steven Bergwijn","NED","22",1,3,1,0,2,1208,"https://fbref.com/en/players/a29b1131/Steven-Bergwijn"
"208","2020-2021","Tottenham Hotspur","Giovani Lo Celso","ARG","24",1,1,1,0,1.4,945,"https://fbref.com/en/players/d7553721/Giovani-Lo-Celso"
"209","2020-2021","Tottenham Hotspur","Gareth Bale","WAL","31",11,2,11,0,5.8,920,"https://fbref.com/en/players/a58bb1e1/Gareth-Bale"
"210","2020-2021","Tottenham Hotspur","Harry Winks","ENG","24",0,0,0,0,0.1,861,"https://fbref.com/en/players/2f7acede/Harry-Winks"
"211","2020-2021","Tottenham Hotspur","Joe Rodon","WAL","22",0,0,0,0,0,733,"https://fbref.com/en/players/8d62d31a/Joe-Rodon"
"212","2020-2021","Tottenham Hotspur","Dele Alli","ENG","24",0,1,0,0,2,620,"https://fbref.com/en/players/cea4ee8f/Dele-Alli"
"213","2020-2021","Tottenham Hotspur","Japhet Tanganga","ENG","21",0,0,0,0,0.4,487,"https://fbref.com/en/players/e9971f2d/Japhet-Tanganga"
"214","2020-2021","Tottenham Hotspur","Érik Lamela","ARG","28",1,0,1,0,1.1,717,"https://fbref.com/en/players/abe66106/Erik-Lamela"
"215","2020-2021","Tottenham Hotspur","Carlos Vinícius","BRA","25",1,0,1,0,1.2,308,"https://fbref.com/en/players/8b529245/Carlos-Vinicius"
"216","2020-2021","Tottenham Hotspur","Dane Scarlett","ENG","16",0,0,0,0,0,1,"https://fbref.com/en/players/21945a9e/Dane-Scarlett"
"217","2020-2021","Tottenham Hotspur","Alfie Devine","ENG","15",NA,NA,NA,NA,NA,NA,"https://fbref.com/en/players/ba08056d/Alfie-Devine"
"218","2020-2021","Tottenham Hotspur","Gedson Fernandes","POR","21",NA,NA,NA,NA,NA,NA,"https://fbref.com/en/players/e2dde94c/Gedson-Fernandes"
"219","2020-2021","Tottenham Hotspur","Joe Hart","ENG","33",NA,NA,NA,NA,NA,NA,"https://fbref.com/en/players/cb4f24c6/Joe-Hart"
"220","2020-2021","Tottenham Hotspur","Nile John","ENG","17",NA,NA,NA,NA,NA,NA,"https://fbref.com/en/players/376d4a41/Nile-John"
"221","2020-2021","Arsenal","Bernd Leno","GER","28",0,0,0,0,0,3131,"https://fbref.com/en/players/2628fd2b/Bernd-Leno"
"222","2020-2021","Arsenal","Bukayo Saka","ENG","18",5,3,5,0,6.9,2553,"https://fbref.com/en/players/bc7dc64d/Bukayo-Saka"
"223","2020-2021","Arsenal","Granit Xhaka","SUI","27",1,2,1,0,0.9,2522,"https://fbref.com/en/players/e61b8aee/Granit-Xhaka"
"224","2020-2021","Arsenal","Rob Holding","ENG","24",0,1,0,0,1,2558,"https://fbref.com/en/players/d79a8c87/Rob-Holding"
"225","2020-2021","Arsenal","Pierre-Emerick Aubameyang","GAB","31",10,3,8,2,10.2,2332,"https://fbref.com/en/players/d5dd5f1f/Pierre-Emerick-Aubameyang"
"226","2020-2021","Arsenal","Kieran Tierney","SCO","23",1,3,1,0,0.5,2299,"https://fbref.com/en/players/fce2302c/Kieran-Tierney"
"227","2020-2021","Arsenal","Héctor Bellerín","ESP","25",1,2,1,0,0.8,2089,"https://fbref.com/en/players/f874dd44/Hector-Bellerin"
"228","2020-2021","Arsenal","Gabriel Dos Santos","BRA","22",2,0,2,0,1.3,1996,"https://fbref.com/en/players/67ac5bb8/Gabriel-Dos-Santos"
"229","2020-2021","Arsenal","Alexandre Lacazette","FRA","29",13,2,10,3,11.7,1923,"https://fbref.com/en/players/9dbb75ca/Alexandre-Lacazette"
"230","2020-2021","Arsenal","Thomas Partey","GHA","27",0,2,0,0,1.3,1534,"https://fbref.com/en/players/529f49ab/Thomas-Partey"
"231","2020-2021","Arsenal","Emile Smith Rowe","ENG","20",2,4,2,0,1.8,1440,"https://fbref.com/en/players/17695062/Emile-Smith-Rowe"
"232","2020-2021","Arsenal","Dani Ceballos","ESP","23",0,3,0,0,0.6,1615,"https://fbref.com/en/players/c0617e2b/Dani-Ceballos"
"233","2020-2021","Arsenal","Mohamed Elneny","EGY","28",1,0,1,0,0.4,1544,"https://fbref.com/en/players/47a34c4f/Mohamed-Elneny"
"234","2020-2021","Arsenal","David Luiz","BRA","33",1,0,1,0,0.9,1396,"https://fbref.com/en/players/c0e27d1a/David-Luiz"
"235","2020-2021","Arsenal","Nicolas Pépé","CIV","25",10,1,9,1,5.8,1616,"https://fbref.com/en/players/57e3f0c7/Nicolas-Pepe"
"236","2020-2021","Arsenal","Willian","BRA","31",1,5,1,0,1.9,1406,"https://fbref.com/en/players/8b9ebd03/Willian"
"237","2020-2021","Arsenal","Pablo Marí","ESP","26",0,0,0,0,0.1,900,"https://fbref.com/en/players/aa54ec6f/Pablo-Mari"
"238","2020-2021","Arsenal","Martin Ødegaard","NOR","21",1,2,1,0,0.7,866,"https://fbref.com/en/players/79300479/Martin-Odegaard"
"239","2020-2021","Arsenal","Calum Chambers","ENG","25",0,2,0,0,0.4,753,"https://fbref.com/en/players/dc6f5bdd/Calum-Chambers"
"240","2020-2021","Arsenal","Cédric Soares","POR","28",0,1,0,0,0.3,746,"https://fbref.com/en/players/839c14e1/Cedric-Soares"
"241","2020-2021","Arsenal","Martinelli","BRA","19",2,1,2,0,3.3,589,"https://fbref.com/en/players/48a5a5d6/Martinelli"
"242","2020-2021","Arsenal","Ainsley Maitland-Niles","ENG","22",0,0,0,0,0.1,490,"https://fbref.com/en/players/e3a5814e/Ainsley-Maitland-Niles"
"243","2020-2021","Arsenal","Eddie Nketiah","ENG","21",2,1,2,0,1.8,423,"https://fbref.com/en/players/a53649b7/Eddie-Nketiah"
"244","2020-2021","Arsenal","Mathew Ryan","AUS","28",0,0,0,0,0,270,"https://fbref.com/en/players/4535e4bb/Mathew-Ryan"
"245","2020-2021","Arsenal","Joe Willock","ENG","20",0,0,0,0,0.3,238,"https://fbref.com/en/players/a3b03921/Joe-Willock"
"246","2020-2021","Arsenal","Sead Kolašinac","BIH","27",0,0,0,0,0,90,"https://fbref.com/en/players/3935e52e/Sead-Kolasinac"
"247","2020-2021","Arsenal","Reiss Nelson","ENG","20",0,0,0,0,0.1,71,"https://fbref.com/en/players/c5bdb6e3/Reiss-Nelson"
"248","2020-2021","Arsenal","Shkodran Mustafi","GER","28",0,0,0,0,0,47,"https://fbref.com/en/players/3f2d59fe/Shkodran-Mustafi"
"249","2020-2021","Arsenal","Rúnar Alex Rúnarsson","ISL","25",0,0,0,0,0,16,"https://fbref.com/en/players/8fa8f8d2/Runar-Alex-Runarsson"
"250","2020-2021","Arsenal","Miguel Azeez","ENG","17",NA,NA,NA,NA,NA,NA,"https://fbref.com/en/players/660e71be/Miguel-Azeez"
"251","2020-2021","Arsenal","Matt Macey","ENG","25",NA,NA,NA,NA,NA,NA,"https://fbref.com/en/players/136e7649/Matt-Macey"
"252","2020-2021","Leeds United","Stuart Dallas","NIR","29",8,2,8,0,4.2,3409,"https://fbref.com/en/players/67ca8566/Stuart-Dallas"
"253","2020-2021","Leeds United","Luke Ayling","ENG","28",0,0,0,0,1.7,3399,"https://fbref.com/en/players/420d7c7d/Luke-Ayling"
"254","2020-2021","Leeds United","Patrick Bamford","ENG","26",17,7,15,2,18.2,3050,"https://fbref.com/en/players/93feac6e/Patrick-Bamford"
"255","2020-2021","Leeds United","Illan Meslier","FRA","20",0,0,0,0,0,3150,"https://fbref.com/en/players/6b625ac2/Illan-Meslier"
"256","2020-2021","Leeds United","Jack Harrison","ENG","23",8,8,8,0,5.8,2847,"https://fbref.com/en/players/aa849a12/Jack-Harrison"
"257","2020-2021","Leeds United","Ezgjan Alioski","MKD","28",2,3,2,0,1.6,2461,"https://fbref.com/en/players/1a7fcf39/Ezgjan-Alioski"
"258","2020-2021","Leeds United","Kalvin Phillips","ENG","24",1,2,1,0,0.5,2428,"https://fbref.com/en/players/4f565d77/Kalvin-Phillips"
"259","2020-2021","Leeds United","Mateusz Klich","POL","30",4,5,2,2,3,2393,"https://fbref.com/en/players/282679b4/Mateusz-Klich"
"260","2020-2021","Leeds United","Raphinha","BRA","23",6,9,6,0,5.7,2360,"https://fbref.com/en/players/3423f250/Raphinha"
"261","2020-2021","Leeds United","Liam Cooper","SCO","28",1,0,1,0,1.8,2185,"https://fbref.com/en/players/dc64b8b3/Liam-Cooper"
"262","2020-2021","Leeds United","Pascal Struijk","NED","20",1,0,1,0,1.7,2075,"https://fbref.com/en/players/f4d296e4/Pascal-Struijk"
"263","2020-2021","Leeds United","Tyler Roberts","WAL","21",1,2,1,0,1.8,1340,"https://fbref.com/en/players/6c17e046/Tyler-Roberts"
"264","2020-2021","Leeds United","Rodrigo","ESP","29",7,2,7,0,5.1,1288,"https://fbref.com/en/players/1fb1c435/Rodrigo"
"265","2020-2021","Leeds United","Diego Llorente","ESP","26",1,0,1,0,0.8,1204,"https://fbref.com/en/players/bba30585/Diego-Llorente"
"266","2020-2021","Leeds United","Hélder Costa","ANG","26",3,3,3,0,2.2,1156,"https://fbref.com/en/players/f13d02a6/Helder-Costa"
"267","2020-2021","Leeds United","Robin Koch","GER","24",0,0,0,0,0.7,1132,"https://fbref.com/en/players/ea6bc03a/Robin-Koch"
"268","2020-2021","Leeds United","Jamie Shackleton","ENG","20",0,0,0,0,0,461,"https://fbref.com/en/players/8d03ca5a/Jamie-Shackleton"
"269","2020-2021","Leeds United","Pablo Hernández","ESP","35",0,2,0,0,1.1,427,"https://fbref.com/en/players/c0398aca/Pablo-Hernandez"
"270","2020-2021","Leeds United","Kiko Casilla","ESP","33",0,0,0,0,0,270,"https://fbref.com/en/players/58bc7d18/Kiko-Casilla"
"271","2020-2021","Leeds United","Gaetano Berardi","SUI","31",0,0,0,0,0.1,113,"https://fbref.com/en/players/5348aada/Gaetano-Berardi"
"272","2020-2021","Leeds United","Ian Carlo Poveda","ENG","20",0,0,0,0,0.3,355,"https://fbref.com/en/players/55b4f1d6/Ian-Carlo-Poveda"
"273","2020-2021","Leeds United","Niall Huggins","WAL","19",0,0,0,0,0,38,"https://fbref.com/en/players/6d646ff7/Niall-Huggins"
"274","2020-2021","Leeds United","Leif Davis","ENG","20",0,0,0,0,0,33,"https://fbref.com/en/players/8574c61f/Leif-Davis"
"275","2020-2021","Leeds United","Mateusz Bogusz","POL","18",NA,NA,NA,NA,NA,NA,"https://fbref.com/en/players/a2c1d8c2/Mateusz-Bogusz"
"276","2020-2021","Leeds United","Elia Caprile","ITA","18",NA,NA,NA,NA,NA,NA,"https://fbref.com/en/players/97d7afbd/Elia-Caprile"
"277","2020-2021","Leeds United","Oliver Casey","ENG","19",NA,NA,NA,NA,NA,NA,"https://fbref.com/en/players/2d82641c/Oliver-Casey"
"278","2020-2021","Leeds United","Charlie Cresswell","ENG","17",NA,NA,NA,NA,NA,NA,"https://fbref.com/en/players/4654e5f5/Charlie-Cresswell"
"279","2020-2021","Leeds United","Cody Drameh","ENG","18",NA,NA,NA,NA,NA,NA,"https://fbref.com/en/players/e0d1510a/Cody-Drameh"
"280","2020-2021","Leeds United","Joe Gelhardt","ENG","18",NA,NA,NA,NA,NA,NA,"https://fbref.com/en/players/01962d0d/Joe-Gelhardt"
"281","2020-2021","Leeds United","Sam Greenwood","ENG","18",NA,NA,NA,NA,NA,NA,"https://fbref.com/en/players/f3354c07/Sam-Greenwood"
"282","2020-2021","Leeds United","Jack Jenkins","ENG","18",NA,NA,NA,NA,NA,NA,"https://fbref.com/en/players/3d46127c/Jack-Jenkins"
"283","2020-2021","Leeds United","Crysencio Summerville","NED","18",NA,NA,NA,NA,NA,NA,"https://fbref.com/en/players/df04eb4b/Crysencio-Summerville"
"284","2020-2021","Everton","Michael Keane","ENG","27",3,1,3,0,1.5,2991,"https://fbref.com/en/players/c5b7c315/Michael-Keane"
"285","2020-2021","Everton","Richarlison","BRA","23",7,3,6,1,9.7,2861,"https://fbref.com/en/players/fa031b34/Richarlison"
"286","2020-2021","Everton","Dominic Calvert-Lewin","ENG","23",16,0,16,0,16.3,2871,"https://fbref.com/en/players/59e6e5bf/Dominic-Calvert-Lewin"
"287","2020-2021","Everton","Jordan Pickford","ENG","26",0,0,0,0,0,2742,"https://fbref.com/en/players/4806ec67/Jordan-Pickford"
"288","2020-2021","Everton","Lucas Digne","FRA","27",0,7,0,0,0.5,2681,"https://fbref.com/en/players/1b84dbe1/Lucas-Digne"
"289","2020-2021","Everton","Ben Godfrey","ENG","22",0,2,0,0,1,2685,"https://fbref.com/en/players/9f7c837d/Ben-Godfrey"
"290","2020-2021","Everton","Abdoulaye Doucouré","MLI","27",2,3,2,0,2.3,2443,"https://fbref.com/en/players/02b29014/Abdoulaye-Doucoure"
"291","2020-2021","Everton","Mason Holgate","ENG","23",1,0,1,0,1,2287,"https://fbref.com/en/players/d0042ab9/Mason-Holgate"
"292","2020-2021","Everton","Gylfi Sigurðsson","ISL","30",6,5,3,3,6.5,2253,"https://fbref.com/en/players/76dd1480/Gylfi-Sigurdsson"
"293","2020-2021","Everton","Allan","BRA","29",0,0,0,0,0.3,2051,"https://fbref.com/en/players/cc700722/Allan"
"294","2020-2021","Everton","Yerry Mina","COL","25",2,0,2,0,1.6,1937,"https://fbref.com/en/players/6d5701f2/Yerry-Mina"
"295","2020-2021","Everton","James Rodríguez","COL","29",6,4,6,0,2.8,1764,"https://fbref.com/en/players/715bf047/James-Rodriguez"
"296","2020-2021","Everton","Séamus Coleman","IRL","31",0,3,0,0,0.9,1613,"https://fbref.com/en/players/0420d84f/Seamus-Coleman"
"297","2020-2021","Everton","André Gomes","POR","27",0,1,0,0,0.5,1570,"https://fbref.com/en/players/1961b2aa/Andre-Gomes"
"298","2020-2021","Everton","Alex Iwobi","NGA","24",1,2,1,0,0.9,1542,"https://fbref.com/en/players/6ca5ec4b/Alex-Iwobi"
"299","2020-2021","Everton","Tom Davies","ENG","22",0,1,0,0,0.2,1423,"https://fbref.com/en/players/9228b07c/Tom-Davies"
"300","2020-2021","Everton","Robin Olsen","SWE","30",0,0,0,0,0,630,"https://fbref.com/en/players/e7ee38c3/Robin-Olsen"
"301","2020-2021","Everton","Bernard","BRA","27",1,0,1,0,0.3,455,"https://fbref.com/en/players/ab4b3e35/Bernard"
"302","2020-2021","Everton","Fabian Delph","ENG","30",0,0,0,0,0,266,"https://fbref.com/en/players/111c3236/Fabian-Delph"
"303","2020-2021","Everton","Anthony Gordon","ENG","19",0,0,0,0,0,88,"https://fbref.com/en/players/2bd83368/Anthony-Gordon"
"304","2020-2021","Everton","Niels Nkounkou","FRA","19",0,0,0,0,0,81,"https://fbref.com/en/players/f5b281e7/Niels-Nkounkou"
"305","2020-2021","Everton","Jonjoe Kenny","ENG","23",0,0,0,0,0,79,"https://fbref.com/en/players/099e666f/Jonjoe-Kenny"
"306","2020-2021","Everton","Joshua King","NOR","28",0,0,0,0,0.6,148,"https://fbref.com/en/players/43458538/Joshua-King"
"307","2020-2021","Everton","Cenk Tosun","TUR","29",0,0,0,0,0,48,"https://fbref.com/en/players/9a104dee/Cenk-Tosun"
"308","2020-2021","Everton","João Virgínia","POR","20",0,0,0,0,0,48,"https://fbref.com/en/players/728e9b2e/Joao-Virginia"
"309","2020-2021","Everton","Moise Kean","ITA","20",0,0,0,0,0,15,"https://fbref.com/en/players/3d50bcdb/Moise-Kean"
"310","2020-2021","Everton","Theo Walcott","ENG","31",0,0,0,0,0,13,"https://fbref.com/en/players/1ecb65be/Theo-Walcott"
"311","2020-2021","Everton","Jean-Philippe Gbamin","CIV","24",0,0,0,0,0,12,"https://fbref.com/en/players/6bd603db/Jean-Philippe-Gbamin"
"312","2020-2021","Everton","Nathan Broadhead","WAL","22",0,0,0,0,0,3,"https://fbref.com/en/players/43309491/Nathan-Broadhead"
"313","2020-2021","Everton","Kyle Alex John","ENG","19",NA,NA,NA,NA,NA,NA,"https://fbref.com/en/players/c9093a1a/Kyle-Alex-John"
"314","2020-2021","Everton","Ryan Astley","WAL","18",NA,NA,NA,NA,NA,NA,"https://fbref.com/en/players/0eb884e1/Ryan-Astley"
"315","2020-2021","Everton","Jarrad Branthwaite","ENG","18",NA,NA,NA,NA,NA,NA,"https://fbref.com/en/players/c1949191/Jarrad-Branthwaite"
"316","2020-2021","Everton","Jonas Lössl","DEN","31",NA,NA,NA,NA,NA,NA,"https://fbref.com/en/players/939bc634/Jonas-Lossl"
"317","2020-2021","Everton","Tyler Onyango","ENG","17",NA,NA,NA,NA,NA,NA,"https://fbref.com/en/players/d86a1f3e/Tyler-Onyango"
"318","2020-2021","Everton","Isaac Price","NIR","16",NA,NA,NA,NA,NA,NA,"https://fbref.com/en/players/b9403c99/Isaac-Price"
"319","2020-2021","Everton","Ellis Simms","ENG","19",NA,NA,NA,NA,NA,NA,"https://fbref.com/en/players/26d3b5be/Ellis-Simms"
"320","2020-2021","Everton","Harry Tyrer","ENG","18",NA,NA,NA,NA,NA,NA,"https://fbref.com/en/players/af49fb14/Harry-Tyrer"
"321","2020-2021","Everton","Reece Welch","ENG","16",NA,NA,NA,NA,NA,NA,"https://fbref.com/en/players/a182122b/Reece-Welch"
"322","2020-2021","Aston Villa","Emiliano Martínez","ARG","27",0,0,0,0,0,3420,"https://fbref.com/en/players/7956236f/Emiliano-Martinez"
"323","2020-2021","Aston Villa","Matt Targett","ENG","24",0,2,0,0,0.3,3404,"https://fbref.com/en/players/e514ab62/Matt-Targett"
"324","2020-2021","Aston Villa","John McGinn","SCO","25",3,5,3,0,2.5,3330,"https://fbref.com/en/players/90f91999/John-McGinn"
"325","2020-2021","Aston Villa","Ollie Watkins","ENG","24",14,5,13,1,14.5,3328,"https://fbref.com/en/players/aed3a70f/Ollie-Watkins"
"326","2020-2021","Aston Villa","Tyrone Mings","ENG","27",2,2,2,0,1.9,3194,"https://fbref.com/en/players/8397a50c/Tyrone-Mings"
"327","2020-2021","Aston Villa","Ezri Konsa","ENG","22",2,0,2,0,2.4,3196,"https://fbref.com/en/players/0313a347/Ezri-Konsa"
"328","2020-2021","Aston Villa","Douglas Luiz","BRA","22",0,2,0,0,1.2,2781,"https://fbref.com/en/players/6f7d826d/Douglas-Luiz"
"329","2020-2021","Aston Villa","Bertrand Traoré","BFA","24",7,6,7,0,6.6,2317,"https://fbref.com/en/players/c47541e0/Bertrand-Traore"
"330","2020-2021","Aston Villa","Matty Cash","POL","22",0,2,0,0,0.3,2372,"https://fbref.com/en/players/2389cdc2/Matty-Cash"
"331","2020-2021","Aston Villa","Jack Grealish","ENG","24",6,10,6,0,4.6,2185,"https://fbref.com/en/players/b0b4fd3e/Jack-Grealish"
"332","2020-2021","Aston Villa","Ross Barkley","ENG","26",3,1,3,0,3.1,1531,"https://fbref.com/en/players/3a24769f/Ross-Barkley"
"333","2020-2021","Aston Villa","Anwar El Ghazi","NED","25",10,0,6,4,8.4,1613,"https://fbref.com/en/players/ffa90327/Anwar-El-Ghazi"
"334","2020-2021","Aston Villa","Trézéguet","EGY","25",2,1,2,0,3.8,1166,"https://fbref.com/en/players/3ae14ed1/Trezeguet"
"335","2020-2021","Aston Villa","Marvelous Nakamba","ZIM","26",0,0,0,0,0,749,"https://fbref.com/en/players/de5b5570/Marvelous-Nakamba"
"336","2020-2021","Aston Villa","Ahmed Elmohamady","EGY","32",0,0,0,0,0.4,839,"https://fbref.com/en/players/615ef733/Ahmed-Elmohamady"
"337","2020-2021","Aston Villa","Kortney Hause","ENG","25",1,0,1,0,1,630,"https://fbref.com/en/players/bf8fad51/Kortney-Hause"
"338","2020-2021","Aston Villa","Jacob Ramsey","ENG","19",0,0,0,0,0.5,626,"https://fbref.com/en/players/1544f145/Jacob-Ramsey"
"339","2020-2021","Aston Villa","Morgan Sanson","FRA","25",0,0,0,0,0,294,"https://fbref.com/en/players/6e7f1353/Morgan-Sanson"
"340","2020-2021","Aston Villa","Conor Hourihane","IRL","29",1,1,1,0,0.7,225,"https://fbref.com/en/players/fcab00a0/Conor-Hourihane"
"341","2020-2021","Aston Villa","Keinan Davis","ENG","22",1,1,1,0,1.5,277,"https://fbref.com/en/players/9deaf2c8/Keinan-Davis"
"342","2020-2021","Aston Villa","Carney Chukwuemeka","ENG","16",0,0,0,0,0,20,"https://fbref.com/en/players/b2f9c73e/Carney-Chukwuemeka"
"343","2020-2021","Aston Villa","Wesley Moraes","BRA","23",0,0,0,0,0,18,"https://fbref.com/en/players/bfae110f/Wesley-Moraes"
"344","2020-2021","Aston Villa","Neil Taylor","WAL","31",0,0,0,0,0,16,"https://fbref.com/en/players/c2f9d19f/Neil-Taylor"
"345","2020-2021","Aston Villa","Jaden Philogene Bidace","ENG","18",0,0,0,0,0,1,"https://fbref.com/en/players/19f4d211/Jaden-Philogene-Bidace"
"346","2020-2021","Aston Villa","Björn Engels","BEL","25",NA,NA,NA,NA,NA,NA,"https://fbref.com/en/players/4fdf1fd9/Bjorn-Engels"
"347","2020-2021","Aston Villa","Frederic Guilbert","FRA","25",NA,NA,NA,NA,NA,NA,"https://fbref.com/en/players/5d8d7454/Frederic-Guilbert"
"348","2020-2021","Aston Villa","Kaine Hayden","ENG","17",NA,NA,NA,NA,NA,NA,"https://fbref.com/en/players/486b08b3/Kaine-Hayden"
"349","2020-2021","Aston Villa","Tom Heaton","ENG","34",NA,NA,NA,NA,NA,NA,"https://fbref.com/en/players/a6de6361/Tom-Heaton"
"350","2020-2021","Aston Villa","Kaine Kessler","ENG","17",NA,NA,NA,NA,NA,NA,"https://fbref.com/en/players/9b066938/Kaine-Kessler"
"351","2020-2021","Aston Villa","Jed Steer","ENG","27",NA,NA,NA,NA,NA,NA,"https://fbref.com/en/players/a8a3d139/Jed-Steer"
"352","2020-2021","Newcastle United","Jonjo Shelvey","ENG","28",1,3,1,0,2.5,2617,"https://fbref.com/en/players/3727dd3c/Jonjo-Shelvey"
"353","2020-2021","Newcastle United","Miguel Almirón","PAR","26",4,1,4,0,3.2,2429,"https://fbref.com/en/players/862a1c15/Miguel-Almiron"
"354","2020-2021","Newcastle United","Karl Darlow","ENG","29",0,0,0,0,0,2250,"https://fbref.com/en/players/cde3309f/Karl-Darlow"
"355","2020-2021","Newcastle United","Federico Fernández","ARG","31",0,0,0,0,0.3,2079,"https://fbref.com/en/players/f25b010f/Federico-Fernandez"
"356","2020-2021","Newcastle United","Callum Wilson","ENG","28",12,5,8,4,12.4,2084,"https://fbref.com/en/players/c596fcb0/Callum-Wilson"
"357","2020-2021","Newcastle United","Joelinton","BRA","23",4,2,3,1,5.4,1983,"https://fbref.com/en/players/c17bfb65/Joelinton"
"358","2020-2021","Newcastle United","Isaac Hayden","ENG","25",0,0,0,0,0.7,1942,"https://fbref.com/en/players/c951a6df/Isaac-Hayden"
"359","2020-2021","Newcastle United","Ciaran Clark","IRL","30",1,0,1,0,0.7,1891,"https://fbref.com/en/players/2b91cf8e/Ciaran-Clark"
"360","2020-2021","Newcastle United","Jamal Lewis","NIR","22",0,1,0,0,0.1,1837,"https://fbref.com/en/players/efb9215a/Jamal-Lewis"
"361","2020-2021","Newcastle United","Jamaal Lascelles","ENG","26",2,0,2,0,1.3,1625,"https://fbref.com/en/players/450ab6fc/Jamaal-Lascelles"
"362","2020-2021","Newcastle United","Allan Saint-Maximin","FRA","23",3,4,3,0,2.6,1560,"https://fbref.com/en/players/2b16cb1a/Allan-Saint-Maximin"
"363","2020-2021","Newcastle United","Jacob Murphy","ENG","25",2,3,2,0,1.7,1626,"https://fbref.com/en/players/de112b84/Jacob-Murphy"
"364","2020-2021","Newcastle United","Jeff Hendrick","IRL","28",2,1,2,0,1.1,1422,"https://fbref.com/en/players/989d5705/Jeff-Hendrick"
"365","2020-2021","Newcastle United","Sean Longstaff","ENG","22",0,1,0,0,1.4,1412,"https://fbref.com/en/players/a2b105e0/Sean-Longstaff"
"366","2020-2021","Newcastle United","Matt Ritchie","SCO","30",0,2,0,0,0.4,1350,"https://fbref.com/en/players/71ef519e/Matt-Ritchie"
"367","2020-2021","Newcastle United","Emil Krafth","SWE","25",1,0,1,0,0.3,1288,"https://fbref.com/en/players/77cf6852/Emil-Krafth"
"368","2020-2021","Newcastle United","Paul Dummett","WAL","28",1,0,1,0,0.3,1255,"https://fbref.com/en/players/3fe6bd8c/Paul-Dummett"
"369","2020-2021","Newcastle United","Fabian Schär","SUI","28",1,0,0,1,1.3,1246,"https://fbref.com/en/players/c8aa95da/Fabian-Schar"
"370","2020-2021","Newcastle United","Martin Dúbravka","SVK","31",0,0,0,0,0,1170,"https://fbref.com/en/players/3a949a25/Martin-Dubravka"
"371","2020-2021","Newcastle United","Joe Willock","ENG","20",8,0,8,0,3.9,978,"https://fbref.com/en/players/a3b03921/Joe-Willock"
"372","2020-2021","Newcastle United","Javier Manquillo","ESP","26",0,0,0,0,0,825,"https://fbref.com/en/players/758dd7f0/Javier-Manquillo"
"373","2020-2021","Newcastle United","Ryan Fraser","SCO","26",0,2,0,0,0.9,928,"https://fbref.com/en/players/d56543a0/Ryan-Fraser"
"374","2020-2021","Newcastle United","DeAndre Yedlin","USA","27",0,0,0,0,0.1,436,"https://fbref.com/en/players/ae0a7ddf/DeAndre-Yedlin"
"375","2020-2021","Newcastle United","Dwight Gayle","ENG","29",1,1,1,0,2.9,514,"https://fbref.com/en/players/e58a03c6/Dwight-Gayle"
"376","2020-2021","Newcastle United","Andy Carroll","ENG","31",1,0,1,0,0.8,392,"https://fbref.com/en/players/b581987a/Andy-Carroll"
"377","2020-2021","Newcastle United","Matthew Longstaff","ENG","20",0,0,0,0,0,377,"https://fbref.com/en/players/c0027d2d/Matthew-Longstaff"
"378","2020-2021","Newcastle United","Elliot Anderson","SCO","17",0,0,0,0,0,4,"https://fbref.com/en/players/de31038e/Elliot-Anderson"
"379","2020-2021","Newcastle United","Mark Gillespie","ENG","28",NA,NA,NA,NA,NA,NA,"https://fbref.com/en/players/e32958b7/Mark-Gillespie"
"380","2020-2021","Newcastle United","Daniel Langley","ENG","19",NA,NA,NA,NA,NA,NA,"https://fbref.com/en/players/096d1e60/Daniel-Langley"
"381","2020-2021","Wolverhampton Wanderers","Rui Patrício","POR","32",0,0,0,0,0,3329,"https://fbref.com/en/players/79b0d6a0/Rui-Patricio"
"382","2020-2021","Wolverhampton Wanderers","Conor Coady","ENG","27",1,0,1,0,1,3303,"https://fbref.com/en/players/2928dca2/Conor-Coady"
"383","2020-2021","Wolverhampton Wanderers","Nélson Semedo","POR","26",1,1,1,0,1.3,2983,"https://fbref.com/en/players/d04b94db/Nelson-Semedo"
"384","2020-2021","Wolverhampton Wanderers","Rúben Neves","POR","23",5,1,2,3,5.1,2675,"https://fbref.com/en/players/44bfb6c5/Ruben-Neves"
"385","2020-2021","Wolverhampton Wanderers","Pedro Neto","POR","20",5,6,5,0,5.1,2550,"https://fbref.com/en/players/7ba2eaa9/Pedro-Neto"
"386","2020-2021","Wolverhampton Wanderers","Adama Traoré","ESP","24",2,2,2,0,2,2649,"https://fbref.com/en/players/9a28eba4/Adama-Traore"
"387","2020-2021","Wolverhampton Wanderers","João Moutinho","POR","33",1,1,1,0,0.6,2528,"https://fbref.com/en/players/f5a00fa4/Joao-Moutinho"
"388","2020-2021","Wolverhampton Wanderers","Leander Dendoncker","BEL","25",1,0,1,0,3.1,2503,"https://fbref.com/en/players/5a7301ae/Leander-Dendoncker"
"389","2020-2021","Wolverhampton Wanderers","Romain Saïss","MAR","30",3,0,3,0,3,2407,"https://fbref.com/en/players/9fbbcf39/Romain-Saiss"
"390","2020-2021","Wolverhampton Wanderers","Daniel Podence","POR","24",3,2,3,0,2.5,1661,"https://fbref.com/en/players/7fcc71d8/Daniel-Podence"
"391","2020-2021","Wolverhampton Wanderers","Willy Boly","CIV","29",1,1,1,0,1.1,1879,"https://fbref.com/en/players/a4ac4b8f/Willy-Boly"
"392","2020-2021","Wolverhampton Wanderers","Rayan Aït Nouri","FRA","19",1,1,1,0,0.6,1404,"https://fbref.com/en/players/9b398aea/Rayan-Ait-Nouri"
"393","2020-2021","Wolverhampton Wanderers","Max Kilman","ENG","23",0,1,0,0,0.8,1310,"https://fbref.com/en/players/d0f72bf1/Max-Kilman"
"394","2020-2021","Wolverhampton Wanderers","Willian José","BRA","28",1,0,1,0,1.6,1110,"https://fbref.com/en/players/d87e2cae/Willian-Jose"
"395","2020-2021","Wolverhampton Wanderers","Fábio Silva","POR","18",4,3,3,1,5.3,1369,"https://fbref.com/en/players/e7aa9d7c/Fabio-Silva"
"396","2020-2021","Wolverhampton Wanderers","Raúl Jiménez","MEX","29",4,0,4,0,2.4,823,"https://fbref.com/en/players/b561db50/Raul-Jimenez"
"397","2020-2021","Wolverhampton Wanderers","Fernando Marçal","BRA","31",0,0,0,0,0.1,623,"https://fbref.com/en/players/9ae9eaea/Fernando-Marcal"
"398","2020-2021","Wolverhampton Wanderers","Jonny Castro","ESP","26",0,0,0,0,0.1,495,"https://fbref.com/en/players/e28868f3/Jonny-Castro"
"399","2020-2021","Wolverhampton Wanderers","Ki-Jana Hoever","NED","18",0,0,0,0,0,577,"https://fbref.com/en/players/9a71e978/Ki-Jana-Hoever"
"400","2020-2021","Wolverhampton Wanderers","Vitinha","POR","20",0,1,0,0,0.5,520,"https://fbref.com/en/players/3b029691/Vitinha"
"401","2020-2021","Wolverhampton Wanderers","Morgan Gibbs-White","ENG","20",1,0,1,0,0.8,414,"https://fbref.com/en/players/32f60ed8/Morgan-Gibbs-White"
"402","2020-2021","Wolverhampton Wanderers","Owen Otasowie","USA","19",0,1,0,0,0.5,187,"https://fbref.com/en/players/6956ff08/Owen-Otasowie"
"403","2020-2021","Wolverhampton Wanderers","Rúben Vinagre","POR","21",0,0,0,0,0,173,"https://fbref.com/en/players/b937e490/Ruben-Vinagre"
"404","2020-2021","Wolverhampton Wanderers","John Ruddy","ENG","33",0,0,0,0,0,91,"https://fbref.com/en/players/da8b19e2/John-Ruddy"
"405","2020-2021","Wolverhampton Wanderers","Patrick Cutrone","ITA","22",0,0,0,0,0.1,25,"https://fbref.com/en/players/a4fe8cda/Patrick-Cutrone"
"406","2020-2021","Wolverhampton Wanderers","Oskar Buur","DEN","22",0,0,0,0,0,22,"https://fbref.com/en/players/aa6f2f2c/Oskar-Buur"
"407","2020-2021","Wolverhampton Wanderers","Theo Corbeanu","CAN","18",0,0,0,0,0,9,"https://fbref.com/en/players/25b82f9a/Theo-Corbeanu"
"408","2020-2021","Wolverhampton Wanderers","Hugo Bueno","ESP","17",NA,NA,NA,NA,NA,NA,"https://fbref.com/en/players/bfc3b3a0/Hugo-Bueno"
"409","2020-2021","Wolverhampton Wanderers","Luke Cundle","ENG","18",NA,NA,NA,NA,NA,NA,"https://fbref.com/en/players/cc3b8e78/Luke-Cundle"
"410","2020-2021","Wolverhampton Wanderers","Diogo Jota","POR","23",NA,NA,NA,NA,NA,NA,"https://fbref.com/en/players/178ae8f8/Diogo-Jota"
"411","2020-2021","Wolverhampton Wanderers","Nigel Lonwijk","NED","17",NA,NA,NA,NA,NA,NA,"https://fbref.com/en/players/17be8dc3/Nigel-Lonwijk"
"412","2020-2021","Wolverhampton Wanderers","Christian Marques","SUI","17",NA,NA,NA,NA,NA,NA,"https://fbref.com/en/players/a7cf1541/Christian-Marques"
"413","2020-2021","Wolverhampton Wanderers","Taylor Perry","ENG","19",NA,NA,NA,NA,NA,NA,"https://fbref.com/en/players/01ba3996/Taylor-Perry"
"414","2020-2021","Wolverhampton Wanderers","Lewis Richards","IRL","18",NA,NA,NA,NA,NA,NA,"https://fbref.com/en/players/ae0e6ba7/Lewis-Richards"
"415","2020-2021","Wolverhampton Wanderers","Meritan Shabani","ALB","21",NA,NA,NA,NA,NA,NA,"https://fbref.com/en/players/012c38ec/Meritan-Shabani"
"416","2020-2021","Wolverhampton Wanderers","Andreas Søndergaard","DEN","19",NA,NA,NA,NA,NA,NA,"https://fbref.com/en/players/43f9b4ba/Andreas-Sondergaard"
"417","2020-2021","Crystal Palace","Vicente Guaita","ESP","33",0,0,0,0,0,3330,"https://fbref.com/en/players/ab13a5aa/Vicente-Guaita"
"418","2020-2021","Crystal Palace","Cheikhou Kouyaté","SEN","30",1,0,1,0,0.7,3121,"https://fbref.com/en/players/8d3c902d/Cheikhou-Kouyate"
"419","2020-2021","Crystal Palace","Wilfried Zaha","CIV","27",11,2,9,2,8.1,2612,"https://fbref.com/en/players/b2bc3b1f/Wilfried-Zaha"
"420","2020-2021","Crystal Palace","Eberechi Eze","ENG","22",4,6,4,0,2.2,2559,"https://fbref.com/en/players/ae4fc6a4/Eberechi-Eze"
"421","2020-2021","Crystal Palace","Luka Milivojević","SRB","29",1,1,0,1,2.4,2359,"https://fbref.com/en/players/2ce2508a/Luka-Milivojevic"
"422","2020-2021","Crystal Palace","Andros Townsend","ENG","29",1,5,1,0,2.3,2258,"https://fbref.com/en/players/b28bbd58/Andros-Townsend"
"423","2020-2021","Crystal Palace","Joel Ward","ENG","30",0,1,0,0,0.1,2256,"https://fbref.com/en/players/8a7ff278/Joel-Ward"
"424","2020-2021","Crystal Palace","Jordan Ayew","GHA","28",1,3,1,0,2.2,2096,"https://fbref.com/en/players/da052c14/Jordan-Ayew"
"425","2020-2021","Crystal Palace","Christian Benteke","BEL","29",10,1,10,0,8.3,1816,"https://fbref.com/en/players/ab070c55/Christian-Benteke"
"426","2020-2021","Crystal Palace","Gary Cahill","ENG","34",1,1,1,0,0.7,1800,"https://fbref.com/en/players/7914b9fe/Gary-Cahill"
"427","2020-2021","Crystal Palace","Patrick van Aanholt","NED","29",0,1,0,0,1.4,1777,"https://fbref.com/en/players/5f09991f/Patrick-van-Aanholt"
"428","2020-2021","Crystal Palace","Jaïro Riedewald","NED","23",2,0,2,0,0.6,1820,"https://fbref.com/en/players/7a1f2c08/Jairo-Riedewald"
"429","2020-2021","Crystal Palace","Tyrick Mitchell","ENG","20",1,1,1,0,0.8,1710,"https://fbref.com/en/players/5cbd1eb0/Tyrick-Mitchell"
"430","2020-2021","Crystal Palace","James McArthur","SCO","32",0,2,0,0,0.3,1466,"https://fbref.com/en/players/cee31595/James-McArthur"
"431","2020-2021","Crystal Palace","Jeffrey Schlupp","GHA","27",2,3,2,0,1.9,1428,"https://fbref.com/en/players/3312f911/Jeffrey-Schlupp"
"432","2020-2021","Crystal Palace","Scott Dann","ENG","33",1,0,1,0,0.3,1350,"https://fbref.com/en/players/52105203/Scott-Dann"
"433","2020-2021","Crystal Palace","Nathaniel Clyne","ENG","29",0,1,0,0,0.2,1145,"https://fbref.com/en/players/0442183b/Nathaniel-Clyne"
"434","2020-2021","Crystal Palace","James McCarthy","IRL","29",0,0,0,0,0,821,"https://fbref.com/en/players/64b08de7/James-McCarthy"
"435","2020-2021","Crystal Palace","Michy Batshuayi","BEL","26",2,1,2,0,1.6,728,"https://fbref.com/en/players/2973d8ff/Michy-Batshuayi"
"436","2020-2021","Crystal Palace","James Tomkins","ENG","31",0,0,0,0,0.2,553,"https://fbref.com/en/players/e7ca0439/James-Tomkins"
"437","2020-2021","Crystal Palace","Mamadou Sakho","FRA","30",0,0,0,0,0.1,276,"https://fbref.com/en/players/87935cf3/Mamadou-Sakho"
"438","2020-2021","Crystal Palace","Jean-Philippe Mateta","FRA","23",1,0,1,0,0.3,221,"https://fbref.com/en/players/50e6dc35/Jean-Philippe-Mateta"
"439","2020-2021","Crystal Palace","Jack Butland","ENG","27",0,0,0,0,0,90,"https://fbref.com/en/players/cc70a1d5/Jack-Butland"
"440","2020-2021","Crystal Palace","Martin Kelly","ENG","30",0,0,0,0,0,2,"https://fbref.com/en/players/d7492450/Martin-Kelly"
"441","2020-2021","Crystal Palace","Reece Hannam","ENG","19",NA,NA,NA,NA,NA,NA,"https://fbref.com/en/players/974b8e7f/Reece-Hannam"
"442","2020-2021","Crystal Palace","Stephen Henderson","IRL","32",NA,NA,NA,NA,NA,NA,"https://fbref.com/en/players/f234c188/Stephen-Henderson"
"443","2020-2021","Crystal Palace","Wayne Hennessey","WAL","33",NA,NA,NA,NA,NA,NA,"https://fbref.com/en/players/76eca7e2/Wayne-Hennessey"
"444","2020-2021","Crystal Palace","Ryan Inniss","ENG","25",NA,NA,NA,NA,NA,NA,"https://fbref.com/en/players/600ae8cb/Ryan-Inniss"
"445","2020-2021","Crystal Palace","Max Meyer","GER","24",NA,NA,NA,NA,NA,NA,"https://fbref.com/en/players/eba42d2b/Max-Meyer"
"446","2020-2021","Crystal Palace","Jesuran Rak Sakyi","ENG","17",NA,NA,NA,NA,NA,NA,"https://fbref.com/en/players/45685411/Jesuran-Rak-Sakyi"
"447","2020-2021","Crystal Palace","Connor Wickham","ENG","27",NA,NA,NA,NA,NA,NA,"https://fbref.com/en/players/41cc19c2/Connor-Wickham"
"448","2020-2021","Crystal Palace","Sam Woods","ENG","21",NA,NA,NA,NA,NA,NA,"https://fbref.com/en/players/a62da625/Sam-Woods"
"449","2020-2021","Southampton","James Ward-Prowse","ENG","25",8,7,5,3,5.7,3420,"https://fbref.com/en/players/3515d404/James-Ward-Prowse"
"450","2020-2021","Southampton","Jan Bednarek","POL","24",1,1,1,0,0.7,3100,"https://fbref.com/en/players/4115ce4e/Jan-Bednarek"
"451","2020-2021","Southampton","Stuart Armstrong","SCO","28",4,5,4,0,2.7,2764,"https://fbref.com/en/players/97333cf5/Stuart-Armstrong"
"452","2020-2021","Southampton","Alex McCarthy","ENG","30",0,0,0,0,0,2700,"https://fbref.com/en/players/36c2ca73/Alex-McCarthy"
"453","2020-2021","Southampton","Che Adams","SCO","24",9,5,9,0,9.8,2667,"https://fbref.com/en/players/f2bf1b0f/Che-Adams"
"454","2020-2021","Southampton","Kyle Walker-Peters","ENG","23",0,2,0,0,1,2645,"https://fbref.com/en/players/984a5a64/Kyle-Walker-Peters"
"455","2020-2021","Southampton","Ryan Bertrand","ENG","30",0,1,0,0,0.4,2598,"https://fbref.com/en/players/01226327/Ryan-Bertrand"
"456","2020-2021","Southampton","Jannik Vestergaard","DEN","27",3,0,3,0,1.5,2574,"https://fbref.com/en/players/1900032e/Jannik-Vestergaard"
"457","2020-2021","Southampton","Danny Ings","ENG","28",12,4,10,2,8.5,2173,"https://fbref.com/en/players/07802f7f/Danny-Ings"
"458","2020-2021","Southampton","Oriol Romeu","ESP","28",1,1,1,0,0.5,1763,"https://fbref.com/en/players/4b511457/Oriol-Romeu"
"459","2020-2021","Southampton","Theo Walcott","ENG","31",3,3,3,0,2.3,1618,"https://fbref.com/en/players/1ecb65be/Theo-Walcott"
"460","2020-2021","Southampton","Nathan Redmond","ENG","26",2,3,2,0,3.1,1738,"https://fbref.com/en/players/ab651565/Nathan-Redmond"
"461","2020-2021","Southampton","Jack Stephens","ENG","26",0,0,0,0,0.8,1537,"https://fbref.com/en/players/6adbc307/Jack-Stephens"
"462","2020-2021","Southampton","Moussa Djenepo","MLI","22",1,0,1,0,0.8,1240,"https://fbref.com/en/players/254147d4/Moussa-Djenepo"
"463","2020-2021","Southampton","Ibrahima Diallo","FRA","21",0,0,0,0,0.5,1020,"https://fbref.com/en/players/11ff3d56/Ibrahima-Diallo"
"464","2020-2021","Southampton","Takumi Minamino","JPN","25",2,0,2,0,1.5,711,"https://fbref.com/en/players/f833a830/Takumi-Minamino"
"465","2020-2021","Southampton","Mohammed Salisu","GHA","21",0,0,0,0,0.3,844,"https://fbref.com/en/players/0b33f6ad/Mohammed-Salisu"
"466","2020-2021","Southampton","Fraser Forster","ENG","32",0,0,0,0,0,720,"https://fbref.com/en/players/c3e39f12/Fraser-Forster"
"467","2020-2021","Southampton","Nathan Tella","ENG","21",1,1,1,0,1.6,745,"https://fbref.com/en/players/f1e94cd6/Nathan-Tella"
"468","2020-2021","Southampton","William Smallbone","IRL","20",0,0,0,0,0.1,172,"https://fbref.com/en/players/5e105217/William-Smallbone"
"469","2020-2021","Southampton","Shane Long","IRL","33",0,0,0,0,0.1,210,"https://fbref.com/en/players/9f472354/Shane-Long"
"470","2020-2021","Southampton","Yan Valery","TUN","21",0,0,0,0,0.2,103,"https://fbref.com/en/players/531a4aa8/Yan-Valery"
"471","2020-2021","Southampton","Kayne Ramsey","ENG","19",0,0,0,0,0,90,"https://fbref.com/en/players/dc31b84c/Kayne-Ramsey"
"472","2020-2021","Southampton","Jake Vokins","ENG","20",0,0,0,0,0,66,"https://fbref.com/en/players/d484c261/Jake-Vokins"
"473","2020-2021","Southampton","Alexandre Jankewitz","SUI","18",0,0,0,0,0,3,"https://fbref.com/en/players/7c39363f/Alexandre-Jankewitz"
"474","2020-2021","Southampton","Dan Nlundulu","ENG","21",0,0,0,0,0.1,111,"https://fbref.com/en/players/30040f5d/Dan-Nlundulu"
"475","2020-2021","Southampton","Michael Obafemi","IRL","20",0,0,0,0,0,61,"https://fbref.com/en/players/caa1a7f0/Michael-Obafemi"
"476","2020-2021","Southampton","Caleb Watts","AUS","18",0,0,0,0,0,39,"https://fbref.com/en/players/c7170b46/Caleb-Watts"
"477","2020-2021","Southampton","Allan Tchaptchet","FRA","18",0,0,0,0,0,13,"https://fbref.com/en/players/ab7d7882/Allan-Tchaptchet"
"478","2020-2021","Southampton","Kgagelo Chauke","ENG","17",NA,NA,NA,NA,NA,NA,"https://fbref.com/en/players/06791660/Kgagelo-Chauke"
"479","2020-2021","Southampton","Will Ferry","IRL","19",NA,NA,NA,NA,NA,NA,"https://fbref.com/en/players/f4765c97/Will-Ferry"
"480","2020-2021","Southampton","Ryan Finnigan","ENG","16",NA,NA,NA,NA,NA,NA,"https://fbref.com/en/players/9610c9c1/Ryan-Finnigan"
"481","2020-2021","Southampton","Harry Lewis","ENG","22",NA,NA,NA,NA,NA,NA,"https://fbref.com/en/players/c35e99d8/Harry-Lewis"
"482","2020-2021","Brighton & Hove Albion","Ben White","ENG","22",0,0,0,0,0.5,3191,"https://fbref.com/en/players/35e413f1/Ben-White"
"483","2020-2021","Brighton & Hove Albion","Yves Bissouma","MLI","23",1,0,1,0,1.4,3111,"https://fbref.com/en/players/6c203af0/Yves-Bissouma"
"484","2020-2021","Brighton & Hove Albion","Lewis Dunk","ENG","28",5,0,5,0,2.2,2931,"https://fbref.com/en/players/282f75f3/Lewis-Dunk"
"485","2020-2021","Brighton & Hove Albion","Leandro Trossard","BEL","25",5,5,5,0,4.6,2607,"https://fbref.com/en/players/38ceb24a/Leandro-Trossard"
"486","2020-2021","Brighton & Hove Albion","Adam Webster","ENG","25",1,0,1,0,2,2594,"https://fbref.com/en/players/c40b6180/Adam-Webster"
"487","2020-2021","Brighton & Hove Albion","Neal Maupay","FRA","23",8,2,5,3,13.2,2512,"https://fbref.com/en/players/4bcf39f6/Neal-Maupay"
"488","2020-2021","Brighton & Hove Albion","Pascal Groß","GER","29",3,8,0,3,4.9,2484,"https://fbref.com/en/players/8aec0537/Pascal-Gross"
"489","2020-2021","Brighton & Hove Albion","Robert Sánchez","ESP","22",0,0,0,0,0,2430,"https://fbref.com/en/players/6a713852/Robert-Sanchez"
"490","2020-2021","Brighton & Hove Albion","Joël Veltman","NED","28",1,1,1,0,1.1,2281,"https://fbref.com/en/players/dad4b285/Joel-Veltman"
"491","2020-2021","Brighton & Hove Albion","Dan Burn","ENG","28",1,0,1,0,1.5,2061,"https://fbref.com/en/players/b2d31e83/Dan-Burn"
"492","2020-2021","Brighton & Hove Albion","Solly March","ENG","26",2,1,2,0,1.7,1672,"https://fbref.com/en/players/bb5fbd2b/Solly-March"
"493","2020-2021","Brighton & Hove Albion","Danny Welbeck","ENG","29",6,1,6,0,6.6,1545,"https://fbref.com/en/players/ce5143da/Danny-Welbeck"
"494","2020-2021","Brighton & Hove Albion","Adam Lallana","ENG","32",1,1,1,0,1.6,1596,"https://fbref.com/en/players/99813635/Adam-Lallana"
"495","2020-2021","Brighton & Hove Albion","Alexis Mac Allister","ARG","21",1,1,1,0,1.3,1115,"https://fbref.com/en/players/83d074ff/Alexis-Mac-Allister"
"496","2020-2021","Brighton & Hove Albion","Mathew Ryan","AUS","28",0,0,0,0,0,990,"https://fbref.com/en/players/4535e4bb/Mathew-Ryan"
"497","2020-2021","Brighton & Hove Albion","Tariq Lamptey","GHA","19",1,1,1,0,0.7,886,"https://fbref.com/en/players/f4e433d4/Tariq-Lamptey"
"498","2020-2021","Brighton & Hove Albion","Steven Alzate","COL","21",1,0,1,0,0.8,896,"https://fbref.com/en/players/ad1f61f3/Steven-Alzate"
"499","2020-2021","Brighton & Hove Albion","Aaron Connolly","IRL","20",2,1,2,0,4,791,"https://fbref.com/en/players/27c01749/Aaron-Connolly"
"500","2020-2021","Brighton & Hove Albion","Jakub Moder","POL","21",0,0,0,0,0.8,647,"https://fbref.com/en/players/f230bc30/Jakub-Moder"
"501","2020-2021","Brighton & Hove Albion","Alireza Jahanbakhsh","IRN","26",0,1,0,0,1.5,528,"https://fbref.com/en/players/08452314/Alireza-Jahanbakhsh"
"502","2020-2021","Brighton & Hove Albion","Davy Pröpper","NED","28",0,0,0,0,0.2,213,"https://fbref.com/en/players/fdd85f94/Davy-Propper"
"503","2020-2021","Brighton & Hove Albion","Bernardo","BRA","25",0,0,0,0,0.4,206,"https://fbref.com/en/players/17370b95/Bernardo"
"504","2020-2021","Brighton & Hove Albion","Percy Tau","RSA","26",0,1,0,0,0,103,"https://fbref.com/en/players/4d0eb7d2/Percy-Tau"
"505","2020-2021","Brighton & Hove Albion","Andi Zeqiri","SUI","21",0,0,0,0,0.7,171,"https://fbref.com/en/players/d01231f0/Andi-Zeqiri"
"506","2020-2021","Brighton & Hove Albion","José Izquierdo","COL","28",0,0,0,0,0,9,"https://fbref.com/en/players/ca2bc3df/Jose-Izquierdo"
"507","2020-2021","Brighton & Hove Albion","Reda Khadra","GER","19",0,0,0,0,0,5,"https://fbref.com/en/players/88acf83f/Reda-Khadra"
"508","2020-2021","Brighton & Hove Albion","Jayson Molumby","IRL","20",0,0,0,0,0,1,"https://fbref.com/en/players/c908a1bc/Jayson-Molumby"
"509","2020-2021","Brighton & Hove Albion","Florin Andone","ROU","27",NA,NA,NA,NA,NA,NA,"https://fbref.com/en/players/dc008610/Florin-Andone"
"510","2020-2021","Brighton & Hove Albion","Moisés Caicedo","ECU","18",NA,NA,NA,NA,NA,NA,"https://fbref.com/en/players/16264a81/Moises-Caicedo"
"511","2020-2021","Brighton & Hove Albion","Teddy Jenks","ENG","18",NA,NA,NA,NA,NA,NA,"https://fbref.com/en/players/a96ba40b/Teddy-Jenks"
"512","2020-2021","Brighton & Hove Albion","Michał Karbownik","POL","19",NA,NA,NA,NA,NA,NA,"https://fbref.com/en/players/1b280c66/Michal-Karbownik"
"513","2020-2021","Brighton & Hove Albion","Thomas Mcgill","ENG","20",NA,NA,NA,NA,NA,NA,"https://fbref.com/en/players/4eb2d015/Thomas-Mcgill"
"514","2020-2021","Brighton & Hove Albion","Max Sanders","ENG","21",NA,NA,NA,NA,NA,NA,"https://fbref.com/en/players/4871d0e8/Max-Sanders"
"515","2020-2021","Brighton & Hove Albion","Jason Steele","ENG","29",NA,NA,NA,NA,NA,NA,"https://fbref.com/en/players/28300a16/Jason-Steele"
"516","2020-2021","Brighton & Hove Albion","Dale Stephens","ENG","31",NA,NA,NA,NA,NA,NA,"https://fbref.com/en/players/653ee42d/Dale-Stephens"
"517","2020-2021","Brighton & Hove Albion","Christian Walton","ENG","24",NA,NA,NA,NA,NA,NA,"https://fbref.com/en/players/c666574f/Christian-Walton"
"518","2020-2021","Brighton & Hove Albion","Jensen Weir","SCO","18",NA,NA,NA,NA,NA,NA,"https://fbref.com/en/players/2ae8e967/Jensen-Weir"
"519","2020-2021","Burnley","Ashley Westwood","ENG","30",3,3,3,0,1.2,3410,"https://fbref.com/en/players/495945ef/Ashley-Westwood"
"520","2020-2021","Burnley","James Tarkowski","ENG","27",1,0,1,0,3.4,3240,"https://fbref.com/en/players/15ea812b/James-Tarkowski"
"521","2020-2021","Burnley","Dwight McNeil","ENG","20",2,5,2,0,1.1,3069,"https://fbref.com/en/players/fc15fb84/Dwight-McNeil"
"522","2020-2021","Burnley","Matthew Lowton","ENG","31",1,1,1,0,0.8,3060,"https://fbref.com/en/players/9a9c05db/Matthew-Lowton"
"523","2020-2021","Burnley","Nick Pope","ENG","28",0,0,0,0,0,2880,"https://fbref.com/en/players/4b40d9ca/Nick-Pope"
"524","2020-2021","Burnley","Josh Brownhill","ENG","24",0,1,0,0,1.9,2813,"https://fbref.com/en/players/47369df8/Josh-Brownhill"
"525","2020-2021","Burnley","Chris Wood","NZL","28",12,3,10,2,13,2741,"https://fbref.com/en/players/4e9a0555/Chris-Wood"
"526","2020-2021","Burnley","Ben Mee","ENG","30",2,0,2,0,2.3,2693,"https://fbref.com/en/players/8df7a2fb/Ben-Mee"
"527","2020-2021","Burnley","Charlie Taylor","ENG","26",0,1,0,0,0.1,2426,"https://fbref.com/en/players/cc2d7ad5/Charlie-Taylor"
"528","2020-2021","Burnley","Jóhann Berg Guðmundsson","ISL","29",2,0,2,0,1.2,1363,"https://fbref.com/en/players/f72293fc/Johann-Berg-Gudmundsson"
"529","2020-2021","Burnley","Matěj Vydra","CZE","28",3,2,3,0,5.2,1371,"https://fbref.com/en/players/0d4ceb32/Matej-Vydra"
"530","2020-2021","Burnley","Jack Cork","ENG","31",0,0,0,0,0.2,1350,"https://fbref.com/en/players/74e12f1e/Jack-Cork"
"531","2020-2021","Burnley","Ashley Barnes","ENG","30",3,0,2,1,4.1,1331,"https://fbref.com/en/players/2691c772/Ashley-Barnes"
"532","2020-2021","Burnley","Erik Pieters","NED","31",0,1,0,0,0.2,1266,"https://fbref.com/en/players/1ef37668/Erik-Pieters"
"533","2020-2021","Burnley","Jay Rodriguez","ENG","31",1,2,1,0,3,1265,"https://fbref.com/en/players/4ab53cdb/Jay-Rodriguez"
"534","2020-2021","Burnley","Robbie Brady","IRL","28",1,1,1,0,0.8,1052,"https://fbref.com/en/players/96bb8cc2/Robbie-Brady"
"535","2020-2021","Burnley","Kevin Long","IRL","29",0,0,0,0,0.4,637,"https://fbref.com/en/players/5a4280b1/Kevin-Long"
"536","2020-2021","Burnley","Bailey Peacock-Farrell","NIR","23",0,0,0,0,0,360,"https://fbref.com/en/players/4879f8cb/Bailey-Peacock-Farrell"
"537","2020-2021","Burnley","Phil Bardsley","SCO","35",0,0,0,0,0.1,274,"https://fbref.com/en/players/1ae30132/Phil-Bardsley"
"538","2020-2021","Burnley","Jimmy Dunne","IRL","22",1,0,1,0,0.5,270,"https://fbref.com/en/players/1fdfd6da/Jimmy-Dunne"
"539","2020-2021","Burnley","Dale Stephens","ENG","31",0,0,0,0,0.2,261,"https://fbref.com/en/players/653ee42d/Dale-Stephens"
"540","2020-2021","Burnley","Josh Benson","ENG","20",0,0,0,0,0.2,264,"https://fbref.com/en/players/bf3aeb61/Josh-Benson"
"541","2020-2021","Burnley","Will Norris","ENG","26",0,0,0,0,0,180,"https://fbref.com/en/players/c73ada83/Will-Norris"
"542","2020-2021","Burnley","Joel Mumbongo","SWE","21",0,0,0,0,0,40,"https://fbref.com/en/players/f8e588df/Joel-Mumbongo"
"543","2020-2021","Burnley","Lewis Richardson","ENG","17",0,0,0,0,0,4,"https://fbref.com/en/players/4fa62ae4/Lewis-Richardson"
"544","2020-2021","Burnley","Anthony Driscoll-Glennon","ENG","20",NA,NA,NA,NA,NA,NA,"https://fbref.com/en/players/6a39bd42/Anthony-Driscoll-Glennon"
"545","2020-2021","Burnley","Anthony Gomez Mancini","FRA","19",NA,NA,NA,NA,NA,NA,"https://fbref.com/en/players/bda82fc2/Anthony-Gomez-Mancini"
"546","2020-2021","Burnley","Mace Goodridge","ENG","20",NA,NA,NA,NA,NA,NA,"https://fbref.com/en/players/6abefdff/Mace-Goodridge"
"547","2020-2021","Burnley","Richard Nartey","ENG","21",NA,NA,NA,NA,NA,NA,"https://fbref.com/en/players/de6cafb8/Richard-Nartey"
"548","2020-2021","Burnley","Bobby Thomas","ENG","",NA,NA,NA,NA,NA,NA,"https://fbref.com/en/players/6a471ee8/Bobby-Thomas"
"549","2020-2021","Burnley","Max Thompson","ENG","18",NA,NA,NA,NA,NA,NA,"https://fbref.com/en/players/fa38722f/Max-Thompson"
"550","2020-2021","Fulham","Alphonse Areola","FRA","27",0,0,0,0,0,3240,"https://fbref.com/en/players/2f965a72/Alphonse-Areola"
"551","2020-2021","Fulham","Tosin Adarabioyo","ENG","22",0,0,0,0,1.1,2953,"https://fbref.com/en/players/c81d773d/Tosin-Adarabioyo"
"552","2020-2021","Fulham","Ademola Lookman","NGA","22",4,4,4,0,6.3,2747,"https://fbref.com/en/players/7c104bb7/Ademola-Lookman"
"553","2020-2021","Fulham","Ola Aina","NGA","23",2,1,2,0,1.2,2664,"https://fbref.com/en/players/246d153b/Ola-Aina"
"554","2020-2021","Fulham","Joachim Andersen","DEN","24",1,1,1,0,1.2,2730,"https://fbref.com/en/players/e34fc66d/Joachim-Andersen"
"555","2020-2021","Fulham","Andre-Frank Zambo Anguissa","CMR","24",0,3,0,0,1.6,2587,"https://fbref.com/en/players/6bb2c084/Andre-Frank-Zambo-Anguissa"
"556","2020-2021","Fulham","Bobby Reid","JAM","27",5,2,5,0,3.8,2372,"https://fbref.com/en/players/0f7533cd/Bobby-Reid"
"557","2020-2021","Fulham","Ivan Cavaleiro","POR","26",3,0,2,1,6.4,2472,"https://fbref.com/en/players/979b811d/Ivan-Cavaleiro"
"558","2020-2021","Fulham","Harrison Reed","ENG","25",0,2,0,0,0.4,2247,"https://fbref.com/en/players/803ae100/Harrison-Reed"
"559","2020-2021","Fulham","Antonee Robinson","USA","22",0,0,0,0,0.4,2162,"https://fbref.com/en/players/289601e6/Antonee-Robinson"
"560","2020-2021","Fulham","Ruben Loftus-Cheek","ENG","24",1,0,1,0,3.4,1909,"https://fbref.com/en/players/e97fd090/Ruben-Loftus-Cheek"
"561","2020-2021","Fulham","Mario Lemina","GAB","26",1,0,1,0,0.7,1703,"https://fbref.com/en/players/2b471f99/Mario-Lemina"
"562","2020-2021","Fulham","Kenny Tete","NED","24",0,1,0,0,0.3,1481,"https://fbref.com/en/players/77d7c96f/Kenny-Tete"
"563","2020-2021","Fulham","Aleksandar Mitrović","SRB","25",3,3,2,1,6.2,1402,"https://fbref.com/en/players/3925dbd6/Aleksandar-Mitrovic"
"564","2020-2021","Fulham","Josh Maja","NGA","21",3,0,2,1,4.5,810,"https://fbref.com/en/players/bc0bfc64/Josh-Maja"
"565","2020-2021","Fulham","Tom Cairney","SCO","29",1,1,1,0,0.5,759,"https://fbref.com/en/players/a8748947/Tom-Cairney"
"566","2020-2021","Fulham","Joe Bryan","ENG","26",1,0,1,0,0.6,669,"https://fbref.com/en/players/af69e7f0/Joe-Bryan"
"567","2020-2021","Fulham","Tim Ream","USA","32",0,0,0,0,0,630,"https://fbref.com/en/players/28b40c9c/Tim-Ream"
"568","2020-2021","Fulham","Josh Onomah","ENG","23",0,0,0,0,0.4,374,"https://fbref.com/en/players/6612cd8c/Josh-Onomah"
"569","2020-2021","Fulham","Denis Odoi","GHA","32",0,0,0,0,0.1,270,"https://fbref.com/en/players/f7750aa0/Denis-Odoi"
"570","2020-2021","Fulham","Michael Hector","JAM","28",0,0,0,0,0.1,263,"https://fbref.com/en/players/5f1a2f31/Michael-Hector"
"571","2020-2021","Fulham","Fabio Carvalho","POR","17",1,0,1,0,1.2,255,"https://fbref.com/en/players/966e28d0/Fabio-Carvalho"
"572","2020-2021","Fulham","Aboubakar Kamara","MTN","25",0,0,0,0,0.5,315,"https://fbref.com/en/players/4047c976/Aboubakar-Kamara"
"573","2020-2021","Fulham","Marek Rodák","SVK","23",0,0,0,0,0,180,"https://fbref.com/en/players/17acc2ed/Marek-Rodak"
"574","2020-2021","Fulham","Maxime Le Marchand","FRA","30",0,0,0,0,0,123,"https://fbref.com/en/players/321a71a7/Maxime-Le-Marchand"
"575","2020-2021","Fulham","Neeskens Kebano","COD","28",0,0,0,0,0.3,119,"https://fbref.com/en/players/18b999f4/Neeskens-Kebano"
"576","2020-2021","Fulham","Terence Kongolo","NED","26",0,0,0,0,0,90,"https://fbref.com/en/players/1f9a3a04/Terence-Kongolo"
"577","2020-2021","Fulham","Tyrese Francois","AUS","20",0,0,0,0,0,15,"https://fbref.com/en/players/6722d4f0/Tyrese-Francois"
"578","2020-2021","Fulham","Cyrus Christie","IRL","27",NA,NA,NA,NA,NA,NA,"https://fbref.com/en/players/7eb67dad/Cyrus-Christie"
"579","2020-2021","Fulham","Fabricio","ESP","32",NA,NA,NA,NA,NA,NA,"https://fbref.com/en/players/af245161/Fabricio"
"580","2020-2021","Fulham","Sylvester Jasper","BUL","18",NA,NA,NA,NA,NA,NA,"https://fbref.com/en/players/a9f04944/Sylvester-Jasper"
"581","2020-2021","Fulham","Stefan Johansen","NOR","29",NA,NA,NA,NA,NA,NA,"https://fbref.com/en/players/a48da055/Stefan-Johansen"
"582","2020-2021","Fulham","Anthony Knockaert","FRA","28",NA,NA,NA,NA,NA,NA,"https://fbref.com/en/players/6c679c6d/Anthony-Knockaert"
"583","2020-2021","West Bromwich Albion","Sam Johnstone","ENG","27",0,1,0,0,0,3330,"https://fbref.com/en/players/9e5708be/Sam-Johnstone"
"584","2020-2021","West Bromwich Albion","Darnell Furlong","ENG","24",1,3,1,0,2,2932,"https://fbref.com/en/players/3ec9195b/Darnell-Furlong"
"585","2020-2021","West Bromwich Albion","Semi Ajayi","NGA","26",2,0,2,0,1.9,2780,"https://fbref.com/en/players/d6192210/Semi-Ajayi"
"586","2020-2021","West Bromwich Albion","Matheus Pereira","POR","24",11,6,7,4,7.3,2577,"https://fbref.com/en/players/b04ee927/Matheus-Pereira"
"587","2020-2021","West Bromwich Albion","Kyle Bartley","ENG","29",3,1,3,0,2.5,2584,"https://fbref.com/en/players/18e96f64/Kyle-Bartley"
"588","2020-2021","West Bromwich Albion","Conor Gallagher","ENG","20",2,2,2,0,1.5,2531,"https://fbref.com/en/players/c2731c10/Conor-Gallagher"
"589","2020-2021","West Bromwich Albion","Conor Townsend","ENG","27",0,2,0,0,1.1,2234,"https://fbref.com/en/players/4dc4f138/Conor-Townsend"
"590","2020-2021","West Bromwich Albion","Dara O'Shea","IRL","21",0,0,0,0,0.1,2102,"https://fbref.com/en/players/1d042188/Dara-OShea"
"591","2020-2021","West Bromwich Albion","Matt Phillips","SCO","29",2,1,2,0,2.8,1828,"https://fbref.com/en/players/7bb5f40e/Matt-Phillips"
"592","2020-2021","West Bromwich Albion","Callum Robinson","IRL","25",5,0,5,0,3.1,1560,"https://fbref.com/en/players/e75750a3/Callum-Robinson"
"593","2020-2021","West Bromwich Albion","Romaine Sawyers","SKN","28",0,0,0,0,0.1,1487,"https://fbref.com/en/players/77bb1522/Romaine-Sawyers"
"594","2020-2021","West Bromwich Albion","Okay Yokuşlu","TUR","26",0,1,0,0,0.9,1317,"https://fbref.com/en/players/e49ce451/Okay-Yokuslu"
"595","2020-2021","West Bromwich Albion","Jake Livermore","ENG","30",0,0,0,0,0.3,1242,"https://fbref.com/en/players/b98570d1/Jake-Livermore"
"596","2020-2021","West Bromwich Albion","Grady Diangana","ENG","22",1,0,1,0,1.1,1235,"https://fbref.com/en/players/f522d7ec/Grady-Diangana"
"597","2020-2021","West Bromwich Albion","Ainsley Maitland-Niles","ENG","22",0,0,0,0,0.6,1230,"https://fbref.com/en/players/e3a5814e/Ainsley-Maitland-Niles"
"598","2020-2021","West Bromwich Albion","Mbaye Diagne","SEN","28",3,2,3,0,6.6,1189,"https://fbref.com/en/players/dda3969e/Mbaye-Diagne"
"599","2020-2021","West Bromwich Albion","Karlan Grant","ENG","22",1,0,1,0,1.8,1127,"https://fbref.com/en/players/87f7500e/Karlan-Grant"
"600","2020-2021","West Bromwich Albion","Kieran Gibbs","ENG","30",0,0,0,0,0.1,809,"https://fbref.com/en/players/46ee5234/Kieran-Gibbs"
"601","2020-2021","West Bromwich Albion","Branislav Ivanović","SRB","36",0,0,0,0,0.5,767,"https://fbref.com/en/players/85f8571a/Branislav-Ivanovic"
"602","2020-2021","West Bromwich Albion","Robert Snodgrass","SCO","32",0,0,0,0,0.2,526,"https://fbref.com/en/players/9f4647e9/Robert-Snodgrass"
"603","2020-2021","West Bromwich Albion","Filip Krovinović","CRO","24",0,0,0,0,0.3,546,"https://fbref.com/en/players/c2dfedeb/Filip-Krovinovic"
"604","2020-2021","West Bromwich Albion","Lee Peltier","ENG","33",0,0,0,0,0,229,"https://fbref.com/en/players/af341b88/Lee-Peltier"
"605","2020-2021","West Bromwich Albion","Hal Robson-Kanu","WAL","31",2,0,2,0,1.2,561,"https://fbref.com/en/players/fb2dec57/Hal-Robson-Kanu"
"606","2020-2021","West Bromwich Albion","Kamil Grosicki","POL","32",0,1,0,0,0.1,148,"https://fbref.com/en/players/81d8091f/Kamil-Grosicki"
"607","2020-2021","West Bromwich Albion","Kyle Edwards","ENG","22",0,0,0,0,0.1,118,"https://fbref.com/en/players/1566e437/Kyle-Edwards"
"608","2020-2021","West Bromwich Albion","David Button","ENG","31",0,0,0,0,0,90,"https://fbref.com/en/players/e608ed4c/David-Button"
"609","2020-2021","West Bromwich Albion","Ahmed Hegazi","EGY","29",0,0,0,0,0,90,"https://fbref.com/en/players/5540c9dc/Ahmed-Hegazi"
"610","2020-2021","West Bromwich Albion","Charlie Austin","ENG","31",0,0,0,0,0.4,138,"https://fbref.com/en/players/8d228291/Charlie-Austin"
"611","2020-2021","West Bromwich Albion","Sam Field","ENG","22",0,0,0,0,0,62,"https://fbref.com/en/players/bd8a7d05/Sam-Field"
"612","2020-2021","West Bromwich Albion","Rekeem Harper","ENG","20",0,0,0,0,0,32,"https://fbref.com/en/players/3c066877/Rekeem-Harper"
"613","2020-2021","West Bromwich Albion","Taylor Gardner-Hickman","ENG","18",NA,NA,NA,NA,NA,NA,"https://fbref.com/en/players/f05ee68d/Taylor-Gardner-Hickman"
"614","2020-2021","West Bromwich Albion","Tim Iroegbunam","ENG","17",NA,NA,NA,NA,NA,NA,"https://fbref.com/en/players/84c5ceea/Tim-Iroegbunam"
"615","2020-2021","West Bromwich Albion","Toby King","ENG","18",NA,NA,NA,NA,NA,NA,"https://fbref.com/en/players/25671a6a/Toby-King"
"616","2020-2021","West Bromwich Albion","Cédric Kipré","CIV","23",NA,NA,NA,NA,NA,NA,"https://fbref.com/en/players/9f30e7ed/Cedric-Kipre"
"617","2020-2021","West Bromwich Albion","Andy Lonergan","IRL","36",NA,NA,NA,NA,NA,NA,"https://fbref.com/en/players/165cf989/Andy-Lonergan"
"618","2020-2021","West Bromwich Albion","Cheikh Sidya Diaby","FRA","20",NA,NA,NA,NA,NA,NA,"https://fbref.com/en/players/45787ffa/Cheikh-Sidya-Diaby"
"619","2020-2021","West Bromwich Albion","Caleb Taylor","ENG","17",NA,NA,NA,NA,NA,NA,"https://fbref.com/en/players/4ed3f5c4/Caleb-Taylor"
"620","2020-2021","Sheffield United","Aaron Ramsdale","ENG","22",0,0,0,0,0,3420,"https://fbref.com/en/players/466fb2c5/Aaron-Ramsdale"
"621","2020-2021","Sheffield United","George Baldock","GRE","27",0,2,0,0,1.2,2787,"https://fbref.com/en/players/394854c4/George-Baldock"
"622","2020-2021","Sheffield United","Chris Basham","ENG","32",0,1,0,0,0.7,2576,"https://fbref.com/en/players/1aa84968/Chris-Basham"
"623","2020-2021","Sheffield United","Enda Stevens","IRL","30",0,1,0,0,1.3,2700,"https://fbref.com/en/players/17d4507a/Enda-Stevens"
"624","2020-2021","Sheffield United","John Egan","IRL","27",0,1,0,0,0.8,2629,"https://fbref.com/en/players/debe38a0/John-Egan"
"625","2020-2021","Sheffield United","John Fleck","SCO","28",0,2,0,0,0.6,2575,"https://fbref.com/en/players/b63e789d/John-Fleck"
"626","2020-2021","Sheffield United","David McGoldrick","IRL","32",8,1,8,0,6.9,2397,"https://fbref.com/en/players/dbe56a33/David-McGoldrick"
"627","2020-2021","Sheffield United","Oliver Norwood","NIR","29",0,0,0,0,0.5,2220,"https://fbref.com/en/players/43439614/Oliver-Norwood"
"628","2020-2021","Sheffield United","Ethan Ampadu","WAL","19",0,0,0,0,0.3,2089,"https://fbref.com/en/players/10b9fa99/Ethan-Ampadu"
"629","2020-2021","Sheffield United","John Lundstram","ENG","26",0,2,0,0,1.9,2032,"https://fbref.com/en/players/0df2b165/John-Lundstram"
"630","2020-2021","Sheffield United","Ben Osborn","ENG","25",1,0,1,0,1.1,1604,"https://fbref.com/en/players/79bc4c45/Ben-Osborn"
"631","2020-2021","Sheffield United","Oliver Burke","SCO","23",1,1,1,0,2.1,1269,"https://fbref.com/en/players/f631c17f/Oliver-Burke"
"632","2020-2021","Sheffield United","Sander Berge","NOR","22",1,1,0,1,1.2,1120,"https://fbref.com/en/players/d0b6129f/Sander-Berge"
"633","2020-2021","Sheffield United","Oliver McBurnie","SCO","24",1,0,1,0,3.9,1324,"https://fbref.com/en/players/78b8ac63/Oliver-McBurnie"
"634","2020-2021","Sheffield United","Rhian Brewster","ENG","20",0,0,0,0,1.8,1128,"https://fbref.com/en/players/30e81a88/Rhian-Brewster"
"635","2020-2021","Sheffield United","Jayden Bogle","ENG","20",2,0,2,0,1.9,1110,"https://fbref.com/en/players/ae5019e6/Jayden-Bogle"
"636","2020-2021","Sheffield United","Kean Bryan","ENG","23",1,0,1,0,0.9,1004,"https://fbref.com/en/players/c684d3c9/Kean-Bryan"
"637","2020-2021","Sheffield United","Jack Robinson","ENG","26",0,1,0,0,0.7,877,"https://fbref.com/en/players/7399c7a8/Jack-Robinson"
"638","2020-2021","Sheffield United","Billy Sharp","ENG","34",3,0,1,2,3,735,"https://fbref.com/en/players/e8c9f4e9/Billy-Sharp"
"639","2020-2021","Sheffield United","Max Lowe","ENG","23",0,0,0,0,0.1,550,"https://fbref.com/en/players/7af88b33/Max-Lowe"
"640","2020-2021","Sheffield United","Phil Jagielka","ENG","37",0,0,0,0,0,526,"https://fbref.com/en/players/3233eefd/Phil-Jagielka"
"641","2020-2021","Sheffield United","Daniel Jebbison","ENG","17",1,0,1,0,1.1,284,"https://fbref.com/en/players/03edb878/Daniel-Jebbison"
"642","2020-2021","Sheffield United","Lys Mousset","FRA","24",0,0,0,0,1,296,"https://fbref.com/en/players/d9cfca3d/Lys-Mousset"
"643","2020-2021","Sheffield United","Jack O'Connell","ENG","26",0,0,0,0,0,180,"https://fbref.com/en/players/312626c1/Jack-OConnell"
"644","2020-2021","Sheffield United","Iliman Ndiaye","SEN","20",0,0,0,0,0,12,"https://fbref.com/en/players/5ed97752/Iliman-Ndiaye"
"645","2020-2021","Sheffield United","Antwoine Hackford","ENG","16",0,0,0,0,0.1,11,"https://fbref.com/en/players/a7588cdc/Antwoine-Hackford"
"646","2020-2021","Sheffield United","Femi Seriki","ENG","18",0,0,0,0,0,1,"https://fbref.com/en/players/e4e0deaa/Femi-Seriki"
"647","2020-2021","Sheffield United","Harry Boyes","ENG","18",NA,NA,NA,NA,NA,NA,"https://fbref.com/en/players/467bf546/Harry-Boyes"
"648","2020-2021","Sheffield United","Zak Brunt","ENG","18",NA,NA,NA,NA,NA,NA,"https://fbref.com/en/players/a31f0ebf/Zak-Brunt"
"649","2020-2021","Sheffield United","Wes Foderingham","ENG","29",NA,NA,NA,NA,NA,NA,"https://fbref.com/en/players/96cf7b61/Wes-Foderingham"
"650","2020-2021","Sheffield United","Kyron Gordon","ENG","18",NA,NA,NA,NA,NA,NA,"https://fbref.com/en/players/f4aba1af/Kyron-Gordon"
"651","2020-2021","Sheffield United","Frankie Maguire","ENG","17",NA,NA,NA,NA,NA,NA,"https://fbref.com/en/players/3e5bd5e0/Frankie-Maguire"
"652","2020-2021","Sheffield United","William Osula","DEN","16",NA,NA,NA,NA,NA,NA,"https://fbref.com/en/players/7b355808/William-Osula"
"653","2020-2021","Sheffield United","Michael Verrips","NED","23",NA,NA,NA,NA,NA,NA,"https://fbref.com/en/players/424595d5/Michael-Verrips"
